Page Name,English Text,pl,th,fr,de,lv,sk,km,es,pt,nl
NEW - Admin Page,Student & group management,Zarządzanie studentami i grupami,การจัดการนักศึกษาและกลุ่ม,Gestion des étudiants et des groupes,Studenten- und Gruppenmanagement,Studentu un grupu vadība,Vedenie študentov a skupín,ការគ្រប់គ្រងសិស្ស និងក្រុម,Gestión de estudiantes y grupos.,Gerenciamento de alunos e grupos,Studenten- en groepsmanagement
NEW - Admin Page,Manage student accounts,Zarządzaj kontami studentów,จัดการบัญชีนักเรียน,Gérer les comptes étudiants,Studentenkonten verwalten,Pārvaldīt studentu kontus,Spravovať študentské účty,គ្រប់គ្រងគណនីសិស្ស,Administrar cuentas de estudiantes,Gerenciar contas de estudantes,Beheer studentenaccounts
NEW - Admin Page,Search,Szukaj,ค้นหา,Rechercher,Suchen,Meklēt,Hľadať,ស្វែងរក,Buscar,Pesquisar,Zoeken
NEW - Admin Page,Status,Stan,สถานะ,Statut,Status,Statuss,Stav,ស្ថានភាព,Estado,Estado,Status
NEW - Admin Page,Group,Grupa,กลุ่ม,Groupe,Gruppe,Grupa,Skupina,ក្រុម,grupo,Grupo,Groep
NEW - Admin Page,Groups,Grupy,กลุ่ม,Groupes,Gruppen,Grupas,skupiny,ក្រុម,Grupos,Grupos,Groepen
NEW - Admin Page,Active,Aktywny,ใช้งานอยู่,Actif,Aktiv,Aktīvs,Aktívne,សកម្ម,Activo,Ativo,Actief
NEW - Admin Page,Actions,Działania,การดำเนินการ,Actions,Aktionen,Darbības,Akcie,សកម្មភាព,Acciones,Ações,Acties
NEW - Admin Page,Organise students into groups,Podziel uczniów na grupy,จัดนักเรียนออกเป็นกลุ่ม,Organiser les étudiants en groupes,Teilen Sie die Schüler in Gruppen ein,Organizējiet skolēnus grupās,Usporiadajte študentov do skupín,រៀបចំសិស្សជាក្រុម,Organizar a los estudiantes en grupos.,Organize os alunos em grupos,Verdeel de leerlingen in groepen
NEW - Admin Page,Unnamed,Bezimienny,ไม่มีชื่อ,Sans nom,Unbenannt,Bez nosaukuma,Nemenovaný,គ្មានឈ្មោះ,Sin nombre,Sem nome,Naamloos
NEW - Admin Page,Manage students,Zarządzaj uczniami,จัดการนักเรียน,Gérer les étudiants,Schüler verwalten,Pārvaldīt studentus,Riadiť študentov,គ្រប់គ្រងសិស្ស,Administrar estudiantes,Gerenciar alunos,Beheer studenten
NEW - Admin Page,Assign students to group,Przypisz uczniów do grupy,มอบหมายให้นักเรียนเข้ากลุ่ม,Affecter les étudiants à un groupe,Ordnen Sie die Schüler einer Gruppe zu,Piešķiriet studentus grupai,Priraďte študentov do skupiny,ចាត់សិស្សជាក្រុម,Asignar estudiantes al grupo,Atribuir alunos ao grupo,Wijs leerlingen toe aan groepen
NEW - Admin Page,Manage students in,Zarządzaj uczniami w,บริหารจัดการนักศึกษาใน,Gérer les étudiants dans,Verwalten Sie Studenten in,Pārvaldīt studentus,Spravovať študentov v,គ្រប់គ្រងសិស្សនៅក្នុង,Gestionar estudiantes en,Gerenciar alunos em,Beheer studenten in
NEW - Admin Page,Drag students between panels to add/remove them from the group,"Przeciągaj uczniów pomiędzy panelami, aby dodać/usunąć ich z grupy",ลากนักเรียนระหว่างแผงเพื่อเพิ่ม/ลบออกจากกลุ่ม,Faites glisser les étudiants entre les panneaux pour les ajouter/supprimer du groupe,"Ziehen Sie Schüler zwischen Panels, um sie zur Gruppe hinzuzufügen bzw. daraus zu entfernen","Velciet skolēnus starp paneļiem, lai pievienotu/noņemtu tos no grupas",Potiahnutím študentov medzi panelmi ich pridáte alebo odoberiete zo skupiny,អូសសិស្សនៅចន្លោះបន្ទះដើម្បីបន្ថែម/យកវាចេញពីក្រុម,Arrastre estudiantes entre paneles para agregarlos o eliminarlos del grupo,Arraste os alunos entre os painéis para adicioná-los/removê-los do grupo,Sleep leerlingen tussen panelen om ze toe te voegen aan of te verwijderen uit de groep
NEW - Admin Page,Available students,Dostępni studenci,นักเรียนว่าง,Étudiants disponibles,Verfügbare Studenten,Pieejamie studenti,Dostupní študenti,សិស្សដែលអាចប្រើបាន,Estudiantes disponibles,Alunos disponíveis,Beschikbare studenten
NEW - Admin Page,Search available students,Wyszukaj dostępnych studentów,ค้นหานักเรียนที่มีอยู่,Rechercher les étudiants disponibles,Suchen Sie nach verfügbaren Studenten,Meklēt pieejamos studentus,Vyhľadajte dostupných študentov,ស្វែងរកសិស្សដែលមាន,Buscar estudiantes disponibles,Pesquisar alunos disponíveis,Zoek beschikbare studenten
NEW - Admin Page,No available students,Brak dostępnych uczniów,ไม่มีนักเรียนว่าง,Aucun étudiant disponible,Keine verfügbaren Studenten,Nav pieejami studenti,Žiadni dostupní študenti,មិនមានសិស្សដែលអាចប្រើបានទេ។,No hay estudiantes disponibles,Nenhum aluno disponível,Geen beschikbare studenten
NEW - Admin Page,Search group students,Szukaj uczniów w grupie,ค้นหานักเรียนกลุ่ม,Rechercher des étudiants du groupe,Gruppenstudenten suchen,Meklēt grupas studentus,Vyhľadajte študentov skupiny,ស្វែងរកក្រុមសិស្ស,Buscar estudiantes del grupo,Pesquisar alunos do grupo,Zoek groep studenten
NEW - Admin Page,No students in group,Brak uczniów w grupie,ไม่มีนักเรียนในกลุ่ม,Aucun étudiant dans le groupe,Keine Schüler in der Gruppe,Grupā nav skolēnu,Žiadni študenti v skupine,មិនមានសិស្សជាក្រុមទេ។,No hay estudiantes en el grupo.,Nenhum aluno no grupo,Geen studenten in groep
NEW - Admin Page,Add selected,Dodaj wybrane,เพิ่มที่เลือกแล้ว,Ajouter la sélection,Ausgewählte hinzufügen,Pievienot atlasīto,Pridať vybraté,បន្ថែមដែលបានជ្រើសរើស,Agregar seleccionado,Adicionar selecionado,Geselecteerde toevoegen
NEW - Admin Page,Remove selected,Usuń wybrane,ลบที่เลือกไว้,Supprimer la sélection,Ausgewählte entfernen,Noņemt atlasīto,Odstrániť vybraté,ដកចេញដែលបានជ្រើសរើស,Eliminar seleccionado,Remover selecionado,Geselecteerde verwijderen
NEW - Admin Page,Add more students,Dodaj więcej uczniów,เพิ่มนักเรียนมากขึ้น,Ajouter plus d'étudiants,Fügen Sie weitere Schüler hinzu,Pievienojiet vairāk studentu,Pridajte ďalších študentov,បន្ថែមសិស្សបន្ថែមទៀត,Agregar más estudiantes,Adicione mais alunos,Voeg meer studenten toe
NEW - Admin Page,Students,Studenci,นักเรียน,Étudiants,Studenten,Studenti,Študenti,សិស្ស,estudiantes,Alunos,Studenten
NEW - Admin Page,Students in group,Studenci w grupie,นักเรียนในกลุ่ม,Étudiants en groupe,Studenten in der Gruppe,Studenti grupā,Študenti v skupine,សិស្សជាក្រុម,estudiantes en grupo,Alunos em grupo,Studenten in groep
NEW - Admin Page,Add group,Dodaj grupę,เพิ่มกลุ่ม,Ajouter un groupe,Gruppe hinzufügen,Pievienot grupu,Pridať skupinu,បន្ថែមក្រុម,Agregar grupo,Adicionar grupo,Groep toevoegen
NEW - Admin Page,Rows per page,Wiersze na stronę,แถวต่อหน้า,Lignes par page,Zeilen pro Seite,Rindas vienā lapā,Počet riadkov na stránku,ជួរដេកក្នុងមួយទំព័រ,Filas por página,Linhas por página,Rijen per pagina
NEW - Admin Page,Edit,Edytuj,แก้ไข,Modifier,Bearbeiten,Rediģēt,Upraviť,កែសម្រួល,Editar,Editar,Bewerken
NEW - Admin Page,Admins,Administratorzy,ผู้ดูแลระบบ,Administrateurs,Administratoren,Admini,Správcovia,អ្នកគ្រប់គ្រង,Administradores,Administradores,Beheerders
NEW - Admin Page,No one has been assigned this role,Nikomu nie przydzielono tej roli,ไม่มีใครได้รับมอบหมายบทบาทนี้,Personne n'a reçu ce rôle,Diese Rolle wurde niemandem zugewiesen,Šī loma nevienam nav piešķirta,Táto úloha nebola pridelená nikomu,គ្មាននរណាម្នាក់ត្រូវបានចាត់តាំងតួនាទីនេះទេ។,A nadie se le ha asignado este rol.,Ninguém foi designado para esta função,Niemand heeft deze rol toegewezen gekregen
NEW - Explore / Content Library Page,New sequence,Nowa sekwencja,ลำดับใหม่,Nouvelle séquence,Neue Sequenz,Jauna secība,Nová sekvencia,លំដាប់ថ្មី។,Nueva secuencia,Nova sequência,Nieuwe reeks
NEW - Explore / Content Library Page,My sequences,Moje sekwencje,ลำดับของฉัน,Mes séquences,Meine Sequenzen,Manas secības,Moje sekvencie,លំដាប់របស់ខ្ញុំ,Mis secuencias,Minhas sequências,Mijn reeksen
NEW - Explore / Content Library Page,Organize content into learning sequences,Organizuj treści w sekwencje edukacyjne,จัดระเบียบเนื้อหาเป็นลำดับการเรียนรู้,Organisez le contenu en séquences d’apprentissage,Organisieren Sie Inhalte in Lernsequenzen,Sakārtojiet saturu mācību secībās,Usporiadajte obsah do učebných sekvencií,រៀបចំខ្លឹមសារទៅក្នុងលំដាប់នៃការរៀន,Organizar el contenido en secuencias de aprendizaje.,Organize o conteúdo em sequências de aprendizagem,Organiseer de inhoud in leerreeksen
NEW - Explore / Content Library Page,Select a sequence,Wybierz sekwencję,เลือกลำดับ,Sélectionnez une séquence,Wählen Sie eine Sequenz aus,Izvēlieties secību,Vyberte sekvenciu,ជ្រើសរើសលំដាប់មួយ។,Seleccione una secuencia,Selecione uma sequência,Selecteer een reeks
NEW - Explore / Content Library Page,No sequences yet,Nie ma jeszcze sekwencji,ยังไม่มีลำดับเลย,Aucune séquence pour l'instant,Noch keine Sequenzen,Vēl nav secību,Zatiaľ žiadne sekvencie,មិនទាន់មានលំដាប់នៅឡើយ,Aún no hay secuencias,Ainda não há sequências,Nog geen reeksen
NEW - Explore / Content Library Page,Explore content library,Przeglądaj bibliotekę treści,สำรวจไลบรารีเนื้อหา,Explorer la bibliothèque de contenu,Entdecken Sie die Inhaltsbibliothek,Izpētiet satura bibliotēku,Preskúmajte knižnicu obsahu,រុករកបណ្ណាល័យមាតិកា,Explorar la biblioteca de contenidos,Explorar biblioteca de conteúdo,Ontdek de inhoudsbibliotheek
NEW - Explore / Content Library Page,"Discover, customise, and add content","Odkrywaj, dostosowuj i dodawaj treści",ค้นพบ ปรับแต่ง และเพิ่มเนื้อหา,"Découvrez, personnalisez et ajoutez du contenu","Inhalte entdecken, anpassen und hinzufügen","Atklājiet, pielāgojiet un pievienojiet saturu","Objavujte, prispôsobujte a pridávajte obsah",ស្វែងយល់ ប្ដូរតាមបំណង និងបន្ថែមខ្លឹមសារ,"Descubra, personalice y agregue contenido","Descubra, personalize e adicione conteúdo","Ontdek, pas inhoud aan en voeg inhoud toe"
NEW - Explore / Content Library Page,Search content title,Wyszukaj tytuł treści,ค้นหาชื่อเนื้อหา,Rechercher le titre du contenu,Inhaltstitel durchsuchen,Meklēt satura virsrakstu,Vyhľadajte názov obsahu,ស្វែងរកចំណងជើងមាតិកា,Título del contenido de búsqueda,Título do conteúdo de pesquisa,Titel van inhoud zoeken
NEW - Explore / Content Library Page,Popular tags,Popularne tagi,แท็กยอดนิยม,Balises populaires,Beliebte Tags,Populāras atzīmes,Populárne značky,ស្លាកពេញនិយម,Etiquetas populares,Tags populares,Populaire tags
NEW - Explore / Content Library Page,View as,Wyświetl jako,ดูเป็น,Afficher comme,Anzeigen als,Skatīt kā,Zobraziť ako,មើលជា,Ver como,Ver como,Bekijk als
NEW - Explore / Content Library Page,Sort,Sortuj,จัดเรียง,Trier,Sortieren,Kārtot,Triediť,តម្រៀប,ordenar,Classificar,Sorteren
NEW - Explore / Content Library Page,Filter,Filtruj,ตัวกรอง,Filtrer,Filtern,Filtrs,Filter,តម្រង,Filtrar,Filtro,Filteren
NEW - Explore / Content Library Page,Show,Pokaż,แสดง,Afficher,Zeigen,Rādīt,Zobraziť,បង្ហាញ,Mostrar,Mostrar,Toon
NEW - Explore / Content Library Page,Type,Wpisz,ประเภท,Tapez,Typ,Tips,Typ,ប្រភេទ,Tipo,Tipo,Typ
NEW - Explore / Content Library Page,Deselect all,Odznacz wszystko,ยกเลิกการเลือกทั้งหมด,Tout désélectionner,Alle abwählen,Noņemiet visu atlasi,Zrušte výber všetkých,ដកការជ្រើសរើសទាំងអស់។,Deseleccionar todo,Desmarcar tudo,Deselecteer alles
NEW - Explore / Content Library Page,Select all,Zaznacz wszystko,เลือกทั้งหมด,Tout sélectionner,Alles auswählen,Atlasiet visu,Vybrať všetko,ជ្រើសរើសទាំងអស់។,Seleccionar todo,Selecionar tudo,Selecteer alles
NEW - Explore / Content Library Page,item(s) selected,wybrane elementy,รายการที่เลือก,article(s) sélectionné(s),Artikel ausgewählt,atlasīts(-i) vienums(-i).,vybraté položky,ធាតុដែលបានជ្រើសរើស,elemento(s) seleccionado(s),itens selecionados,artikel(en) geselecteerd
NEW - Explore / Content Library Page,No item in this sequence,Brak elementu w tej sekwencji,ไม่มีรายการในลำดับนี้,Aucun élément dans cette séquence,Kein Artikel in dieser Reihenfolge,Šajā secībā nav neviena vienuma,Žiadna položka v tomto poradí,មិនមានធាតុនៅក្នុងលំដាប់នេះទេ។,Ningún elemento en esta secuencia,Nenhum item nesta sequência,Geen item in deze reeks
NEW - Explore / Content Library Page,Start browsing to add content,"Rozpocznij przeglądanie, aby dodać zawartość",เริ่มการเรียกดูเพื่อเพิ่มเนื้อหา,Commencez à naviguer pour ajouter du contenu,"Beginnen Sie mit der Suche, um Inhalte hinzuzufügen","Sāciet pārlūkošanu, lai pievienotu saturu",Začnite prehliadať a pridajte obsah,ចាប់ផ្តើមរុករកដើម្បីបន្ថែមមាតិកា,Comience a navegar para agregar contenido,Comece a navegar para adicionar conteúdo,Begin met browsen om inhoud toe te voegen
NEW - Explore / Content Library Page,Browse content,Przeglądaj zawartość,เรียกดูเนื้อหา,Parcourir le contenu,Inhalte durchsuchen,Pārlūkot saturu,Prehliadajte obsah,រកមើលមាតិកា,Explorar contenido,Navegue pelo conteúdo,Blader door de inhoud
NEW - Explore / Content Library Page,This action cannot be undone,Tej akcji nie można cofnąć,การดำเนินการนี้ไม่สามารถยกเลิกได้,Cette action ne peut pas être annulée,Diese Aktion kann nicht rückgängig gemacht werden,Šo darbību nevar atsaukt,Túto akciu nie je možné vrátiť späť,សកម្មភាពនេះមិនអាចត្រឡប់វិញបានទេ។,Esta acción no se puede deshacer.,Esta ação não pode ser desfeita,Deze actie kan niet ongedaan worden gemaakt
NEW - Explore / Content Library Page,Assignment created successfully,Zadanie zostało utworzone pomyślnie,สร้างงานสำเร็จแล้ว,Devoir créé avec succès,Aufgabe erfolgreich erstellt,Uzdevums veiksmīgi izveidots,Úloha bola úspešne vytvorená,កិច្ចការត្រូវបានបង្កើតដោយជោគជ័យ,Tarea creada exitosamente,Tarefa criada com sucesso,Opdracht succesvol aangemaakt
NEW - Explore / Content Library Page,Add item or sequence,Dodaj element lub sekwencję,เพิ่มรายการหรือลำดับ,Ajouter un élément ou une séquence,Element oder Sequenz hinzufügen,Pievienojiet vienumu vai secību,Pridajte položku alebo sekvenciu,បន្ថែមធាតុឬលំដាប់,Agregar elemento o secuencia,Adicionar item ou sequência,Voeg item of reeks toe
NEW - Explore / Content Library Page,Add to sequence,Dodaj do sekwencji,เพิ่มเข้าตามลำดับ,Ajouter à la séquence,Zur Sequenz hinzufügen,Pievienot secībai,Pridať do sekvencie,បន្ថែមទៅលំដាប់,Agregar a la secuencia,Adicionar à sequência,Voeg toe aan reeks
NEW - Explore / Content Library Page,Add to assignment,Dodaj do zadania,เพิ่มไปยังงาน,Ajouter au devoir,Zur Aufgabe hinzufügen,Pievienot uzdevumam,Pridať do úlohy,បន្ថែមទៅកិច្ចការ,Agregar a la tarea,Adicionar à tarefa,Toevoegen aan opdracht
NEW - Explore / Content Library Page,Choose where to add the selected content,"Wybierz miejsce, w którym chcesz dodać wybraną treść",เลือกตำแหน่งที่จะเพิ่มเนื้อหาที่เลือก,Choisissez où ajouter le contenu sélectionné,"Wählen Sie aus, wo der ausgewählte Inhalt hinzugefügt werden soll","Izvēlieties, kur pievienot atlasīto saturu","Vyberte, kam chcete pridať vybratý obsah",ជ្រើសរើសកន្លែងដែលត្រូវបន្ថែមមាតិកាដែលបានជ្រើសរើស,Elige dónde agregar el contenido seleccionado,Escolha onde adicionar o conteúdo selecionado,Kies waar u de geselecteerde inhoud wilt toevoegen
NEW - Explore / Content Library Page,Choose a sequence to add to,"Wybierz sekwencję, do której chcesz dodać",เลือกลำดับที่จะเพิ่ม,Choisissez une séquence à ajouter,"Wählen Sie eine Sequenz aus, die Sie hinzufügen möchten","Izvēlieties secību, kurai pievienot","Vyberte sekvenciu, ktorú chcete pridať",ជ្រើសរើសលំដាប់ដែលត្រូវបន្ថែមទៅ,Elija una secuencia para agregar,Escolha uma sequência para adicionar,Kies een reeks waaraan u wilt toevoegen
NEW - Explore / Content Library Page,Create new sequence,Utwórz nową sekwencję,สร้างลำดับใหม่,Créer une nouvelle séquence,Neue Sequenz erstellen,Izveidojiet jaunu secību,Vytvorte novú sekvenciu,បង្កើតលំដាប់ថ្មី។,Crear nueva secuencia,Criar nova sequência,Maak een nieuwe reeks
NEW - Explore / Content Library Page,Create new assignment,Utwórz nowe zadanie,สร้างงานใหม่,Créer une nouvelle mission,Neue Aufgabe erstellen,Izveidot jaunu uzdevumu,Vytvorte novú úlohu,បង្កើតកិច្ចការថ្មី។,Crear nueva tarea,Criar nova tarefa,Nieuwe opdracht aanmaken
NEW - Explore / Content Library Page,Choose an assignment or create a new one,Wybierz zadanie lub utwórz nowe,เลือกงานหรือสร้างงานใหม่,Choisissez une mission ou créez-en une nouvelle,Wählen Sie eine Aufgabe oder erstellen Sie eine neue,Izvēlieties uzdevumu vai izveidojiet jaunu,Vyberte úlohu alebo vytvorte novú,ជ្រើសរើសកិច្ចការ ឬបង្កើតកិច្ចការថ្មី។,Elige una tarea o crea una nueva,Escolha uma tarefa ou crie uma nova,Kies een opdracht of maak een nieuwe aan
NEW - Explore / Content Library Page,Back,Powrót,กลับ,Retour,Zurück,Atpakaļ,Späť,ត្រឡប់មកវិញ,Atrás,Voltar,Terug
NEW - Explore / Content Library Page,All content,Cała zawartość,เนื้อหาทั้งหมด,Tout le contenu,Alle Inhalte,Viss saturs,Všetok obsah,មាតិកាទាំងអស់។,Todo el contenido,Todo o conteúdo,Alle inhoud
NEW - Explore / Content Library Page,PILA content,Treść PIŁY,เนื้อหาเกี่ยวกับ พิลา,Contenu du PILA,PILA-Inhalte,PILA saturs,obsah PILA,មាតិកា PILA,Contenido PILA,Conteúdo PILA,PILA-inhoud
NEW - Explore / Content Library Page,Items,Przedmioty,รายการ,Articles,Artikel,Preces,Položky,ធាតុ,Artículos,Itens,Artikelen
NEW - Explore / Content Library Page,Untitled,Bez tytułu,ไม่มีชื่อ,Sans titre,Ohne Titel,Bez nosaukuma,Bez názvu,គ្មានចំណងជើង,Sin título,Sem título,Zonder titel
NEW - Explore / Content Library Page,Item,Przedmiot,รายการ,Article,Artikel,Vienums,Položka,ធាតុ,Artículo,Artigo,Artikel
NEW - Explore / Content Library Page,Sequence created successfully,Sekwencja została utworzona pomyślnie,สร้างลำดับสำเร็จแล้ว,Séquence créée avec succès,Sequenz erfolgreich erstellt,Secība ir veiksmīgi izveidota,Sekvencia bola úspešne vytvorená,លំដាប់ត្រូវបានបង្កើតដោយជោគជ័យ,Secuencia creada exitosamente,Sequência criada com sucesso,Reeks is succesvol gemaakt
NEW - Explore / Content Library Page,Sequence updated,Sekwencja zaktualizowana,อัปเดตลำดับแล้ว,Séquence mise à jour,Reihenfolge aktualisiert,Secība atjaunināta,Sekvencia bola aktualizovaná,បានធ្វើបច្ចុប្បន្នភាពជាបន្តបន្ទាប់,Secuencia actualizada,Sequência atualizada,Volgorde bijgewerkt
NEW - Explore / Content Library Page,Sequence deleted,Sekwencja usunięta,ลบลำดับแล้ว,Séquence supprimée,Sequenz gelöscht,Secība izdzēsta,Sekvencia bola odstránená,បានលុបលំដាប់,Secuencia eliminada,Sequência excluída,Reeks verwijderd
NEW - Explore / Content Library Page,item(s) added to sequence,element(y) dodany do sekwencji,รายการที่ถูกเพิ่มเข้าไปในลำดับ,élément(s) ajouté(s) à la séquence,Element(e) zur Sequenz hinzugefügt,vienums(-i) pievienoti secībai,položky pridané do sekvencie,ធាតុ (s) ត្រូវបានបន្ថែមទៅលំដាប់,elemento(s) agregado(s) a la secuencia,item(s) adicionado(s) à sequência,item(s) toegevoegd aan reeks
NEW - Explore / Content Library Page,Content successfully copied and modified,Treść została pomyślnie skopiowana i zmodyfikowana,คัดลอกและแก้ไขเนื้อหาสำเร็จแล้ว,Contenu copié et modifié avec succès,Inhalt erfolgreich kopiert und geändert,Saturs ir veiksmīgi nokopēts un pārveidots,Obsah bol úspešne skopírovaný a upravený,ខ្លឹមសារត្រូវបានចម្លង និងកែប្រែដោយជោគជ័យ,Contenido copiado y modificado correctamente,Conteúdo copiado e modificado com sucesso,Inhoud succesvol gekopieerd en gewijzigd
NEW - Explore / Content Library Page,Sequences,Sekwencje,ลำดับ,Séquences,Sequenzen,Secības,Sekvencie,លំដាប់,Secuencias,Sequências,Reeksen
NEW - Explore / Content Library Page,Delete,Usuń,ลบ,Supprimer,Löschen,Dzēst,Odstrániť,លុប,Eliminar,Excluir,Verwijderen
NEW - Explore / Content Library Page,Confirm delete sequence,Potwierdź sekwencję usuwania,ยืนยันลำดับการลบ,Confirmer la séquence de suppression,Bestätigen Sie die Löschsequenz,Apstipriniet dzēšanas secību,Potvrďte sekvenciu vymazania,បញ្ជាក់​លំដាប់​លុប,Confirmar secuencia de eliminación,Confirmar sequência de exclusão,Bevestig de verwijdervolgorde
NEW - Explore / Content Library Page,My content,Moja treść,เนื้อหาของฉัน,Mon contenu,Mein Inhalt,Mans saturs,Môj obsah,ខ្លឹមសាររបស់ខ្ញុំ,mi contenido,Meu conteúdo,Mijn inhoud
NEW - Sequence Card,New,Nowy,ใหม่,Nouveau,Neu,Jauns,Nové,ថ្មី។,Nuevo,Novo,Nieuw
NEW - Sequence Card,Last modified,Ostatnia modyfikacja,แก้ไขครั้งล่าสุด,Dernière modification,Zuletzt geändert,Pēdējoreiz modificēts,Naposledy upravené,កែប្រែចុងក្រោយ,Última modificación,Última modificação,Laatst gewijzigd
NEW - Sequence Card,View sequence content,Wyświetl zawartość sekwencji,ดูเนื้อหาลำดับ,Afficher le contenu de la séquence,Sequenzinhalt anzeigen,Skatīt secības saturu,Zobraziť obsah sekvencie,មើលមាតិកាលំដាប់,Ver contenido de secuencia,Ver conteúdo da sequência,Bekijk de inhoud van de reeks
NEW - Sequence Card,Edit sequence details,Edytuj szczegóły sekwencji,แก้ไขรายละเอียดลำดับ,Modifier les détails de la séquence,Bearbeiten Sie die Sequenzdetails,Rediģēt secības informāciju,Upravte podrobnosti sekvencie,កែសម្រួលព័ត៌មានលម្អិតនៃលំដាប់,Editar detalles de la secuencia,Editar detalhes da sequência,Bewerk reeksdetails
NEW - Sequence Card,Preview sequence,Podgląd sekwencji,ดูตัวอย่างลำดับ,Séquence d'aperçu,Vorschausequenz,Priekšskatījuma secība,Ukážka sekvencie,មើលលំដាប់,Secuencia de vista previa,Sequência de visualização,Voorbeeldreeks
NEW - Sequence Card,Delete sequence,Usuń sekwencję,ลบลำดับ,Supprimer la séquence,Sequenz löschen,Dzēst secību,Vymazať sekvenciu,លុប​លំដាប់,Eliminar secuencia,Excluir sequência,Reeks verwijderen
NEW - Sequence Card,Show items,Pokaż elementy,แสดงรายการ,Afficher les éléments,Artikel anzeigen,Rādīt vienumus,Zobraziť položky,បង្ហាញធាតុ,Mostrar elementos,Mostrar itens,Toon artikelen
NEW - Sequence Card,No items yet,Nie ma jeszcze żadnych elementów,ยังไม่มีรายการ,Aucun article pour l'instant,Noch keine Artikel,Vēl nav nevienas preces,Zatiaľ žiadne položky,មិនមានធាតុនៅឡើយទេ,Aún no hay artículos,Nenhum item ainda,Nog geen artikelen
NEW - Sequence Card,Remove item?,Usunąć element?,ลบรายการใช่ไหม,Supprimer l'élément ?,Artikel entfernen?,Vai noņemt vienumu?,Odstrániť položku?,លុបធាតុ?,¿Quitar artículo?,Remover item?,Artikel verwijderen?
NEW - Sequence Card,Are you sure you want to remove this item from the sequence? The item itself won't be deleted.,Czy na pewno chcesz usunąć ten element z sekwencji? Sam element nie zostanie usunięty.,คุณแน่ใจหรือไม่ว่าต้องการลบรายการนี้ออกจากลำดับ ตัวรายการจะไม่ถูกลบ,Êtes-vous sûr de vouloir supprimer cet élément de la séquence ? L'élément lui-même ne sera pas supprimé.,Möchten Sie dieses Element wirklich aus der Sequenz entfernen? Das Element selbst wird nicht gelöscht.,Vai tiešām vēlaties noņemt šo vienumu no secības? Pats vienums netiks dzēsts.,Naozaj chcete odstrániť túto položku zo sekvencie? Samotná položka sa neodstráni.,តើអ្នកប្រាកដថាចង់លុបធាតុនេះចេញពីលំដាប់ទេ? ធាតុខ្លួនឯងនឹងមិនត្រូវបានលុបទេ។,¿Está seguro de que desea eliminar este elemento de la secuencia? El elemento en sí no se eliminará.,Tem certeza de que deseja remover este item da sequência? O item em si não será excluído.,Weet u zeker dat u dit item uit de reeks wilt verwijderen? Het item zelf wordt niet verwijderd.
NEW - Copy & Modify Modal,Copy & modify content,Kopiuj i modyfikuj treść,คัดลอกและแก้ไขเนื้อหา,Copier et modifier le contenu,Inhalte kopieren und ändern,Kopēt un modificēt saturu,Kopírovať a upravovať obsah,ចម្លង និងកែប្រែខ្លឹមសារ,Copiar y modificar contenido,Copiar e modificar conteúdo,Kopieer en wijzig inhoud
NEW - Copy & Modify Modal,Preview details,Podgląd szczegółów,ดูตัวอย่างรายละเอียด,Détails de l'aperçu,Vorschaudetails,Priekšskatiet informāciju,Podrobnosti ukážky,មើលព័ត៌មានលម្អិត,Detalles de vista previa,Detalhes da visualização,Voorbeelddetails
NEW - Copy & Modify Modal,Step 1 of 2,Krok 1 z 2,ขั้นตอนที่ 1 จาก 2,Étape 1 sur 2,Schritt 1 von 2,1. darbība no 2,Krok 1 z 2,ជំហានទី 1 នៃ 2,Paso 1 de 2,Etapa 1 de 2,Stap 1 van 2
NEW - Copy & Modify Modal,Step 2 of 2,Krok 2 z 2,ขั้นตอนที่ 2 จาก 2,Étape 2 sur 2,Schritt 2 von 2,2. darbība no 2,Krok 2 z 2,ជំហានទី 2 នៃ 2,Paso 2 de 2,Etapa 2 de 2,Stap 2 van 2
NEW - Copy & Modify Modal,Create your own version of,Stwórz własną wersję,สร้างเวอร์ชันของคุณเอง,Créez votre propre version de,Erstellen Sie Ihre eigene Version von,Izveidojiet savu versiju,Vytvorte si vlastnú verziu,បង្កើតកំណែផ្ទាល់ខ្លួនរបស់អ្នក។,Crea tu propia versión de,Crie sua própria versão de,Maak je eigen versie van
NEW - Copy & Modify Modal,A copy will be created in your content library,Kopia zostanie utworzona w Twojej bibliotece treści,สำเนาจะถูกสร้างขึ้นในไลบรารีเนื้อหาของคุณ,Une copie sera créée dans votre bibliothèque de contenu,Eine Kopie wird in Ihrer Inhaltsbibliothek erstellt,Jūsu satura bibliotēkā tiks izveidota kopija,Vo vašej knižnici obsahu sa vytvorí kópia,ច្បាប់ចម្លងនឹងត្រូវបានបង្កើតនៅក្នុងបណ្ណាល័យមាតិការបស់អ្នក។,Se creará una copia en su biblioteca de contenido.,Uma cópia será criada em sua biblioteca de conteúdo,Er wordt een kopie gemaakt in uw inhoudsbibliotheek
NEW - Copy & Modify Modal,New Title,Nowy tytuł,ชื่อใหม่,Nouveau titre,Neuer Titel,Jauns nosaukums,Nový názov,ចំណងជើងថ្មី។,Nuevo título,Novo título,Nieuwe titel
NEW - Copy & Modify Modal,Copy of,Kopia,สำเนาของ,Copie de,Kopie von,kopija,Kópia z,ច្បាប់ចម្លងនៃ,copia de,Cópia de,Kopie van
NEW - Copy & Modify Modal,Describe this content,Opisz tę treść,อธิบายเนื้อหานี้,Décrire ce contenu,Beschreiben Sie diesen Inhalt,Aprakstiet šo saturu,Opíšte tento obsah,ពណ៌នាអំពីខ្លឹមសារនេះ។,Describe este contenido,Descreva este conteúdo,Beschrijf deze inhoud
NEW - Copy & Modify Modal,Customization notes (optional),Uwagi dotyczące dostosowywania (opcjonalnie),บันทึกการปรับแต่ง (ไม่บังคับ),Notes de personnalisation (facultatif),Anpassungshinweise (optional),Pielāgošanas piezīmes (pēc izvēles),Poznámky k prispôsobeniu (voliteľné),កំណត់ចំណាំប្ដូរតាមបំណង (ជាជម្រើស),Notas de personalización (opcional),Notas de personalização (opcional),Aanpassingsopmerkingen (optioneel)
NEW - Copy & Modify Modal,Describe changes you plan to make,"Opisz zmiany, które planujesz wprowadzić",อธิบายการเปลี่ยนแปลงที่คุณวางแผนจะทำ,Décrivez les changements que vous envisagez d'apporter,"Beschreiben Sie die Änderungen, die Sie vornehmen möchten","Aprakstiet izmaiņas, kuras plānojat veikt","Popíšte zmeny, ktoré plánujete vykonať",ពិពណ៌នាអំពីការផ្លាស់ប្តូរដែលអ្នកគ្រោងនឹងធ្វើ,Describe los cambios que planeas hacer,Descreva as mudanças que você planeja fazer,Beschrijf de wijzigingen die u van plan bent door te voeren
NEW - Copy & Modify Modal,Drag and drop an image,Przeciągnij i upuść obraz,ลากและวางรูปภาพ,Glissez et déposez une image,Ziehen Sie ein Bild per Drag & Drop,Velciet un nometiet attēlu,Potiahnite a pustite obrázok,អូស និងទម្លាក់រូបភាព,Arrastra y suelta una imagen,Arraste e solte uma imagem,Sleep een afbeelding en zet deze neer
NEW - Copy & Modify Modal,Review existing content,Przejrzyj istniejącą treść,ตรวจสอบเนื้อหาที่มีอยู่,Examiner le contenu existant,Überprüfen Sie vorhandene Inhalte,Pārskatiet esošo saturu,Skontrolujte existujúci obsah,ពិនិត្យខ្លឹមសារដែលមានស្រាប់,Revisar el contenido existente,Revise o conteúdo existente,Beoordeel bestaande inhoud
NEW - Copy & Modify Modal,Add content item or sequence,Dodaj element treści lub sekwencję,เพิ่มรายการเนื้อหาหรือลำดับ,Ajouter un élément de contenu ou une séquence,Inhaltselement oder Sequenz hinzufügen,Pievienojiet satura vienumu vai secību,Pridajte položku obsahu alebo sekvenciu,បន្ថែមធាតុមាតិកាឬលំដាប់,Agregar elemento de contenido o secuencia,Adicionar item de conteúdo ou sequência,Voeg inhoudsitem of reeks toe
NEW - Copy & Modify Modal,Search content,Szukaj treści,ค้นหาเนื้อหา,Rechercher du contenu,Inhalte durchsuchen,Meklēt saturu,Vyhľadajte obsah,ស្វែងរកមាតិកា,Buscar contenido,Pesquisar conteúdo,Zoek inhoud
NEW - Copy & Modify Modal,Expert,Ekspert,ผู้เชี่ยวชาญ,Expert,Experte,Eksperts,Expert,អ្នកជំនាញ,Experto,Especialista,Deskundige
NEW - Copy & Modify Modal,No content found,Nie znaleziono treści,ไม่พบเนื้อหา,Aucun contenu trouvé,Kein Inhalt gefunden,Nav atrasts saturs,Nenašiel sa žiadny obsah,រកមិនឃើញខ្លឹមសារទេ។,No se encontró contenido,Nenhum conteúdo encontrado,Geen inhoud gevonden
NEW - Copy & Modify Modal,Title and details,Tytuł i szczegóły,ชื่อเรื่องและรายละเอียด,Titre et détails,Titel und Details,Nosaukums un detaļas,Názov a podrobnosti,ចំណងជើង និងព័ត៌មានលម្អិត,Título y detalles,Título e detalhes,Titel en details
NEW - Copy & Modify Modal,No content items to preview,Brak elementów treści do podglądu,ไม่มีรายการเนื้อหาที่จะแสดงตัวอย่าง,Aucun élément de contenu à prévisualiser,Keine Inhaltselemente zur Vorschau vorhanden,"Nav satura vienumu, ko priekšskatīt",Žiadne položky obsahu na zobrazenie ukážky,មិនមានធាតុមាតិកាដែលត្រូវមើលជាមុនទេ។,No hay elementos de contenido para obtener una vista previa,Nenhum item de conteúdo para visualizar,Er zijn geen inhoudsitems om een voorbeeld van te bekijken
NEW - Copy & Modify Modal,Find in My content,Znajdź w Moich treściach,ค้นหาในเนื้อหาของฉัน,Rechercher dans Mon contenu,Finden Sie in „Meine Inhalte“.,Atrast sadaļā Mans saturs,Nájsť v časti Môj obsah,ស្វែងរកនៅក្នុងមាតិការបស់ខ្ញុំ,Buscar en Mi contenido,Encontre em Meu conteúdo,Vind in Mijn inhoud
NEW - Copy & Modify Modal,Create copy,Utwórz kopię,สร้างสำเนา,Créer une copie,Kopie erstellen,Izveidot kopiju,Vytvorte kópiu,បង្កើតច្បាប់ចម្លង,Crear copia,Criar cópia,Kopie maken
NEW - Copy & Modify Modal,Continue,Kontynuuj,ดำเนินการต่อ,Continuer,Weiter,Turpināt,Pokračovať,បន្ត,Continuar,Continuar,Ga door
NEW - Copy & Modify Modal,Finish,Zakończ,เสร็จสิ้น,Terminer,Fertig,Pabeigt,Dokončiť,បញ្ចប់,terminar,Concluir,Afwerking
NEW - Copy & Modify Modal,Upload image,Prześlij obraz,อัพโหลดรูปภาพ,Télécharger une image,Bild hochladen,Augšupielādējiet attēlu,Nahrajte obrázok,បង្ហោះរូបភាព,Subir imagen,Carregar imagem,Afbeelding uploaden
NEW - Create Sequence Modal,Edit sequence,Edytuj sekwencję,แก้ไขลำดับ,Modifier la séquence,Reihenfolge bearbeiten,Rediģēt secību,Upraviť sekvenciu,កែសម្រួល​លំដាប់,Editar secuencia,Editar sequência,Reeks bewerken
NEW - Create Sequence Modal,Create a new sequence to organize your content,"Utwórz nową sekwencję, aby uporządkować zawartość",สร้างลำดับใหม่เพื่อจัดระเบียบเนื้อหาของคุณ,Créez une nouvelle séquence pour organiser votre contenu,"Erstellen Sie eine neue Sequenz, um Ihre Inhalte zu organisieren","Izveidojiet jaunu secību, lai sakārtotu saturu",Vytvorte novú sekvenciu na usporiadanie obsahu,បង្កើតលំដាប់ថ្មីដើម្បីរៀបចំមាតិការបស់អ្នក។,Crea una nueva secuencia para organizar tu contenido.,Crie uma nova sequência para organizar seu conteúdo,Maak een nieuwe reeks om uw inhoud te ordenen
NEW - Create Sequence Modal,"After creating, you can add items from the content library",Po utworzeniu możesz dodać elementy z biblioteki treści,หลังจากสร้างแล้ว คุณสามารถเพิ่มรายการจากไลบรารีเนื้อหาได้,"Après la création, vous pouvez ajouter des éléments de la bibliothèque de contenu",Nach der Erstellung können Sie Elemente aus der Inhaltsbibliothek hinzufügen,Pēc izveides varat pievienot vienumus no satura bibliotēkas,Po vytvorení môžete pridať položky z knižnice obsahu,បន្ទាប់ពីបង្កើត អ្នកអាចបន្ថែមធាតុពីបណ្ណាល័យមាតិកា,"Después de crear, puede agregar elementos de la biblioteca de contenido.","Após a criação, você pode adicionar itens da biblioteca de conteúdo",Na het maken kunt u items uit de inhoudsbibliotheek toevoegen
NEW - Create Sequence Modal,Sequence name,Nazwa sekwencji,ชื่อลำดับ,Nom de la séquence,Sequenzname,Secības nosaukums,Názov sekvencie,ឈ្មោះលំដាប់,Nombre de secuencia,Nome da sequência,Naam van de reeks
NEW - Create Sequence Modal,Sequence Title,Tytuł sekwencji,ชื่อลำดับ,Titre de la séquence,Titel der Sequenz,Secības nosaukums,Názov sekvencie,ចំណងជើងលំដាប់,Título de la secuencia,Título da sequência,Titel van de reeks
NEW - Create Sequence Modal,Enter sequence name,Wprowadź nazwę sekwencji,ป้อนชื่อลำดับ,Entrez le nom de la séquence,Geben Sie den Sequenznamen ein,Ievadiet secības nosaukumu,Zadajte názov sekvencie,បញ្ចូលឈ្មោះលំដាប់,Introduzca el nombre de la secuencia,Insira o nome da sequência,Voer de reeksnaam in
NEW - Create Sequence Modal,Add a description for your sequence,Dodaj opis sekwencji,เพิ่มคำอธิบายสำหรับลำดับของคุณ,Ajoutez une description pour votre séquence,Fügen Sie eine Beschreibung für Ihre Sequenz hinzu,Pievienojiet savas secības aprakstu,Pridajte popis sekvencie,បន្ថែមការពិពណ៌នាសម្រាប់លំដាប់របស់អ្នក។,Añade una descripción para tu secuencia.,Adicione uma descrição para sua sequência,Voeg een beschrijving toe voor uw reeks
NEW - Create Sequence Modal,Create sequence,Utwórz sekwencję,สร้างลำดับ,Créer une séquence,Reihenfolge erstellen,Izveidojiet secību,Vytvorte sekvenciu,បង្កើតលំដាប់,Crear secuencia,Criar sequência,Maak een reeks
NEW - Filters & UI,No options found,Nie znaleziono żadnych opcji,ไม่พบตัวเลือก,Aucune option trouvée,Keine Optionen gefunden,Nav atrasta neviena opcija,Nenašli sa žiadne možnosti,រកមិនឃើញជម្រើសទេ។,No se encontraron opciones,Nenhuma opção encontrada,Geen opties gevonden
NEW - Filters & UI,Clear filters,Wyczyść filtry,ล้างตัวกรอง,Effacer les filtres,Filter löschen,Notīrīt filtrus,Vymazať filtre,ជម្រះតម្រង,Limpiar filtros,Limpar filtros,Filters wissen
NEW - Filters & UI,Property Filter,Filtr właściwości,ตัวกรองคุณสมบัติ,Filtre de propriété,Eigenschaftsfilter,Īpašumu filtrs,Filter vlastností,តម្រងអចលនទ្រព្យ,Filtro de propiedad,Filtro de propriedade,Eigenschapsfilter
NEW - Filters & UI,Reset all,Zresetuj wszystko,รีเซ็ตทั้งหมด,Tout réinitialiser,Alles zurücksetzen,Atiestatīt visu,Obnoviť všetky,កំណត់ឡើងវិញទាំងអស់។,Restablecer todo,Redefinir tudo,Alles resetten
NEW - Filters & UI,No options available,Brak dostępnych opcji,ไม่มีตัวเลือกให้เลือก,Aucune option disponible,Keine Optionen verfügbar,Nav pieejamas nekādas opcijas,Nie sú dostupné žiadne možnosti,មិនមានជម្រើសទេ។,No hay opciones disponibles,Nenhuma opção disponível,Geen opties beschikbaar
NEW - Filters & UI,Settings,Ustawienia,การตั้งค่า,Paramètres,Einstellungen,Iestatījumi,Nastavenia,ការកំណត់,Configuración,Configurações,Instellingen
NEW - Filters & UI,Support,Wsparcie,สนับสนุน,Assistance,Unterstützung,Atbalsts,Podpora,គាំទ្រ,Soporte,Suporte,Ondersteuning
NEW - Pre-existing Gaps,Assignment report,Raport przydziału,รายงานการมอบหมายงาน,Rapport de mission,Auftragsbericht,Uzdevuma atskaite,Správa o zadaní,របាយការណ៍ការងារ,Informe de tarea,Relatório de tarefa,Opdrachtrapport
NEW - Pre-existing Gaps,Steps to reproduce are required,Wymagane są kroki w celu odtworzenia,ต้องมีขั้นตอนในการสืบพันธุ์,Des étapes de reproduction sont nécessaires,Schritte zur Reproduktion sind erforderlich,"Ir jāveic darbības, lai reproducētu",Potrebné sú kroky na reprodukciu,ជំហានដើម្បីបង្កើតឡើងវិញគឺត្រូវបានទាមទារ,Se requieren pasos para reproducir,As etapas para reproduzir são necessárias,Er zijn stappen nodig om te reproduceren
NEW - Pre-existing Gaps,You will be able to participate in research studies,Będziesz mógł brać udział w badaniach naukowych,คุณจะสามารถเข้าร่วมการศึกษาวิจัยได้,Vous pourrez participer à des études de recherche,"Sie haben die Möglichkeit, an Forschungsstudien teilzunehmen",Varēsi piedalīties pētnieciskajos pētījumos,Budete sa môcť zúčastniť výskumných štúdií,អ្នកនឹងអាចចូលរួមក្នុងការសិក្សាស្រាវជ្រាវ,Podrás participar en estudios de investigación.,Você poderá participar de pesquisas,U kunt deelnemen aan onderzoeken
NEW - Assignments List Page,Create and manage assignments for your students,Twórz zadania dla swoich uczniów i zarządzaj nimi,สร้างและจัดการงานสำหรับนักเรียนของคุณ,Créez et gérez les devoirs de vos étudiants,Erstellen und verwalten Sie Aufgaben für Ihre Schüler,Izveidojiet un pārvaldiet uzdevumus saviem skolēniem,Vytvárajte a spravujte úlohy pre svojich študentov,បង្កើត និងគ្រប់គ្រងកិច្ចការសម្រាប់សិស្សរបស់អ្នក។,Cree y administre tareas para sus estudiantes,Crie e gerencie tarefas para seus alunos,Maak en beheer opdrachten voor uw leerlingen
NEW - Assignments List Page,New Assignment,Nowe zadanie,งานมอบหมายใหม่,Nouvelle mission,Neue Aufgabe,Jauns uzdevums,Nové zadanie,កិច្ចការថ្មី។,Nueva tarea,Nova tarefa,Nieuwe opdracht
NEW - Assignments List Page,Search assignments,Wyszukaj zadania,ค้นหางานที่มอบหมาย,Rechercher des missions,Suchaufträge,Meklēt uzdevumus,Hľadajte úlohy,ស្វែងរកកិច្ចការ,Buscar asignaciones,Pesquisar atribuições,Zoek opdrachten
NEW - Assignments List Page,Filters,Filtry,ตัวกรอง,Filtres,Filter,Filtri,Filtre,តម្រង,Filtros,Filtros,Filters
NEW - Assignments List Page,Assignment type,Typ zadania,ประเภทการมอบหมาย,Type d'affectation,Aufgabentyp,Uzdevuma veids,Typ úlohy,ប្រភេទកិច្ចការ,Tipo de tarea,Tipo de tarefa,Toewijzingstype
NEW - Assignments List Page,Assigned to,Przypisany do,มอบหมายให้,Attribué à,Zugewiesen an,Piešķirts,Pridelené,ចាត់តាំងទៅ,Asignado a,Atribuído a,Toegewezen aan
NEW - Assignments List Page,Due Date Range,Zakres dat,ช่วงวันที่ครบกำหนด,Plage de dates d'échéance,Fälligkeitsdatumsbereich,Izpildes datumu diapazons,Rozsah dátumov splatnosti,ជួរកាលបរិច្ឆេទផុតកំណត់,Rango de fechas de vencimiento,Intervalo de datas de vencimento,Vervaldatumbereik
NEW - Assignments List Page,Assignment Title,Tytuł zadania,ชื่องาน,Titre de la mission,Titel der Aufgabe,Uzdevuma nosaukums,Názov úlohy,ចំណងជើងកិច្ចការ,Título de la tarea,Título da tarefa,Titel van de opdracht
NEW - Assignments List Page,Due Date,Termin,วันครบกำหนด,Date d'échéance,Fälligkeitsdatum,Izpildes datums,Dátum splatnosti,កាលបរិច្ឆេទផុតកំណត់,Fecha de vencimiento,Data de vencimento,Vervaldatum
NEW - Assignments List Page,Publication status,Stan publikacji,สถานะการตีพิมพ์,Statut de publication,Veröffentlichungsstatus,Publikācijas statuss,Stav publikácie,ស្ថានភាពបោះពុម្ពផ្សាយ,Estado de publicación,Status da publicação,Publicatiestatus
NEW - Assignments List Page,Assignment submissions,Zgłoszenia zadań,การส่งงานที่ได้รับมอบหมาย,Remises de devoirs,Aufgabeneinreichungen,Uzdevumu iesniegumi,Zadania úloh,ការដាក់ស្នើកិច្ចការ,Envíos de tareas,Envios de tarefas,Inzendingen van opdrachten
NEW - Assignments List Page,No assignments match your filters,Żadne przypisania nie pasują do wybranych filtrów,ไม่มีงานที่ตรงกับตัวกรองของคุณ,Aucune affectation ne correspond à vos filtres,Keine Zuweisungen entsprechen Ihren Filtern,Neviens uzdevums neatbilst jūsu filtriem,Vašim filtrom nevyhovujú žiadne úlohy,គ្មានកិច្ចការដែលត្រូវនឹងតម្រងរបស់អ្នកទេ។,Ninguna tarea coincide con tus filtros,Nenhuma tarefa corresponde aos seus filtros,Er zijn geen opdrachten die overeenkomen met uw filters
NEW - Assignments List Page,No description,Brak opisu,ไม่มีคำอธิบาย,Pas de description,Keine Beschreibung,Nav apraksta,Bez popisu,គ្មានការពិពណ៌នាទេ។,Sin descripción,Sem descrição,Geen beschrijving
NEW - Assignments List Page,Not assigned,Nie przydzielono,ไม่ได้รับมอบหมาย,Non attribué,Nicht zugewiesen,Nav piešķirts,Nezaradené,មិនត្រូវបានចាត់តាំង,No asignado,Não atribuído,Niet toegewezen
NEW - Assignments List Page,No submissions,Brak zgłoszeń,ไม่มีการส่ง,Aucune soumission,Keine Einsendungen,Nav iesniegumu,Žiadne príspevky,គ្មានការដាក់ស្នើទេ។,Sin envíos,Nenhum envio,Geen inzendingen
NEW - Assignments List Page,View assignment details,Wyświetl szczegóły zadania,ดูรายละเอียดงาน,Afficher les détails de l'affectation,Aufgabendetails anzeigen,Skatīt uzdevuma informāciju,Zobraziť podrobnosti úlohy,មើលព័ត៌មានលម្អិតអំពីការងារ,Ver detalles de la tarea,Ver detalhes da tarefa,Bekijk opdrachtdetails
NEW - Assignments List Page,Edit assignment,Edytuj zadanie,แก้ไขงาน,Modifier le devoir,Aufgabe bearbeiten,Rediģēt uzdevumu,Upraviť zadanie,កែសម្រួលកិច្ចការ,Editar tarea,Editar tarefa,Opdracht bewerken
NEW - Assignments List Page,View submissions,Zobacz zgłoszenia,ดูการส่ง,Afficher les soumissions,Einsendungen ansehen,Skatīt iesniegumus,Zobraziť príspevky,មើលការដាក់ស្នើ,Ver envíos,Ver envios,Bekijk inzendingen
NEW - Assignments List Page,Duplicate,Duplikat,ทำซ้ำ,Dupliquer,Duplizieren,Dublikāts,Duplicitné,ស្ទួន,Duplicar,Duplicar,Duplicaat
NEW - Assignments List Page,Unarchive,Cofnij archiwizację,ยกเลิกการเก็บถาวร,Désarchiver,Dearchivieren,Atarhivēt,Zrušiť archiváciu,មិនទុកក្នុងប័ណ្ណសារ,Desarchivar,Desarquivar,Uit het archief halen
NEW - Assignments List Page,Archive,Archiwum,เก็บถาวร,Archiver,Archiv,Arhīvs,Archív,បណ្ណសារ,Archivo,Arquivo,Archief
NEW - Assignments List Page,of,z,ของ,de,von,no,z,នៃ,de,de,van
NEW - Assignments List Page,row(s) selected,wybrane wiersze,เลือกแถวแล้ว,ligne(s) sélectionnée(s),Zeile(n) ausgewählt,atlasīta(-as) rinda(-as).,vybraté riadky,បានជ្រើសរើសជួរ,fila(s) seleccionada(s),linha(s) selecionada(s),rij(en) geselecteerd
NEW - Assignments List Page,Previous,Poprzedni,ก่อนหน้า,Précédent,Zurück,Iepriekšējais,Predchádzajúce,មុន,Anterior,Anterior,Vorige
NEW - Assignments List Page,Next,Następny,ถัดไป,Suivant,Als nächstes,Tālāk,Ďalej,បន្ទាប់,Siguiente,Próximo,Volgende
NEW - Assignments List Page,Delete Assignment,Usuń zadanie,ลบการมอบหมาย,Supprimer l'affectation,Zuordnung löschen,Dzēst uzdevumu,Odstrániť zadanie,លុបកិច្ចការ,Eliminar tarea,Excluir tarefa,Toewijzing verwijderen
NEW - Assignments List Page,Are you sure you want to delete this assignment? This action cannot be undone and all associated data will be permanently removed.,"Czy na pewno chcesz usunąć to zadanie? Tej czynności nie można cofnąć, a wszystkie powiązane dane zostaną trwale usunięte.",คุณแน่ใจหรือไม่ว่าต้องการลบงานนี้ การดำเนินการนี้ไม่สามารถยกเลิกได้และข้อมูลที่เกี่ยวข้องทั้งหมดจะถูกลบออกอย่างถาวร,Etes-vous sûr de vouloir supprimer cette attribution ? Cette action ne peut pas être annulée et toutes les données associées seront définitivement supprimées.,"Sind Sie sicher, dass Sie diese Aufgabe löschen möchten? Diese Aktion kann nicht rückgängig gemacht werden und alle zugehörigen Daten werden dauerhaft entfernt.","Vai tiešām vēlaties dzēst šo uzdevumu? Šo darbību nevar atsaukt, un visi saistītie dati tiks neatgriezeniski noņemti.",Naozaj chcete odstrániť túto úlohu? Túto akciu nie je možné vrátiť späť a všetky súvisiace údaje budú natrvalo odstránené.,តើអ្នកប្រាកដថាចង់លុបកិច្ចការនេះទេ? សកម្មភាពនេះមិនអាចត្រឡប់វិញបានទេ ហើយទិន្នន័យដែលពាក់ព័ន្ធទាំងអស់នឹងត្រូវដកចេញជាអចិន្ត្រៃយ៍។,¿Estás seguro de que deseas eliminar esta tarea? Esta acción no se puede deshacer y todos los datos asociados se eliminarán permanentemente.,Tem certeza de que deseja excluir esta tarefa? Esta ação não pode ser desfeita e todos os dados associados serão removidos permanentemente.,Weet je zeker dat je deze opdracht wilt verwijderen? Deze actie kan niet ongedaan worden gemaakt en alle bijbehorende gegevens worden permanent verwijderd.
NEW - Assignments List Page,Cancel,Anuluj,ยกเลิก,Annuler,Abbrechen,Atcelt,Zrušiť,បោះបង់,Cancelar,Cancelar,Annuleer
NEW - Assignments List Page,Duplicate Assignment,Zduplikowane zadanie,การมอบหมายที่ซ้ำกัน,Affectation en double,Doppelte Aufgabe,Dublēts uzdevums,Duplicitné zadanie,កិច្ចការស្ទួន,Asignación duplicada,Atribuição duplicada,Dubbele toewijzing
NEW - Assignments List Page,A copy of this assignment will be created with all settings preserved. The duplicate will be saved as a draft.,Zostanie utworzona kopia tego przypisania z zachowaniem wszystkich ustawień. Duplikat zostanie zapisany jako wersja robocza.,ระบบจะสร้างสำเนาของงานนี้โดยคงการตั้งค่าทั้งหมดไว้ สำเนาจะถูกบันทึกเป็นฉบับร่าง,Une copie de cette affectation sera créée avec tous les paramètres conservés. Le duplicata sera enregistré comme brouillon.,"Es wird eine Kopie dieser Zuweisung erstellt, wobei alle Einstellungen erhalten bleiben. Das Duplikat wird als Entwurf gespeichert.","Tiks izveidota šī uzdevuma kopija, saglabājot visus iestatījumus. Dublikāts tiks saglabāts kā melnraksts.",Vytvorí sa kópia tejto úlohy so zachovaním všetkých nastavení. Duplikát sa uloží ako koncept.,ច្បាប់ចម្លងនៃកិច្ចការនេះនឹងត្រូវបានបង្កើតជាមួយនឹងការកំណត់ទាំងអស់ដែលបានរក្សាទុក។ ស្ទួននឹងត្រូវបានរក្សាទុកជាសេចក្តីព្រាង។,Se creará una copia de esta tarea conservando todas las configuraciones. El duplicado se guardará como borrador.,Uma cópia desta tarefa será criada com todas as configurações preservadas. A duplicata será salva como rascunho.,Er wordt een kopie van deze opdracht gemaakt waarbij alle instellingen behouden blijven. Het duplicaat wordt opgeslagen als concept.
NEW - Assignments List Page,Archive Assignment,Archiwizuj zadanie,การมอบหมายเอกสารเก่า,Affectation d'archives,Archivzuordnung,Arhīva uzdevums,Archivovať zadanie,កិច្ចការក្នុងប័ណ្ណសារ,Asignación de archivo,Atribuição de arquivo,Archiefopdracht
NEW - Assignments List Page,This assignment will be archived and hidden from the active list. You can unarchive it later from the archived view.,To zadanie zostanie zarchiwizowane i ukryte na aktywnej liście. Możesz później cofnąć archiwizację z widoku zarchiwizowanego.,งานนี้จะถูกเก็บถาวรและซ่อนจากรายการที่ใช้งานอยู่ คุณสามารถยกเลิกการเก็บถาวรได้ในภายหลังจากมุมมองที่เก็บถาวร,Cette affectation sera archivée et masquée de la liste active. Vous pourrez le désarchiver ultérieurement à partir de la vue archivée.,Diese Aufgabe wird archiviert und aus der aktiven Liste ausgeblendet. Sie können die Archivierung später in der Archivansicht aufheben.,Šis uzdevums tiks arhivēts un paslēpts aktīvajā sarakstā. Vēlāk varat to atarhivēt arhivētajā skatā.,Táto úloha bude archivovaná a skrytá v aktívnom zozname. Z archivovaného zobrazenia ho môžete neskôr zrušiť.,កិច្ចការនេះនឹងត្រូវបានទុកក្នុងប័ណ្ណសារ និងលាក់ពីបញ្ជីសកម្ម។ អ្នកអាចឈប់រក្សាទុកវានៅពេលក្រោយពីទិដ្ឋភាពដែលបានរក្សាទុក។,Esta tarea se archivará y se ocultará de la lista activa. Puede desarchivarlo más tarde desde la vista archivada.,Esta tarefa será arquivada e ocultada da lista ativa. Você pode desarquivá-lo posteriormente na visualização arquivada.,Deze opdracht wordt gearchiveerd en verborgen in de actieve lijst. U kunt het later uit de gearchiveerde weergave halen.
NEW - Assignments List Page,Published,Opublikowano,เผยแพร่แล้ว,Publié,Veröffentlicht,Publicēts,Zverejnené,បោះពុម្ពផ្សាយ,Publicado,Publicado,Gepubliceerd
NEW - Assignments List Page,Draft,Wersja robocza,ร่าง,Brouillon,Entwurf,Melnraksts,Návrh,សេចក្តីព្រាង,Borrador,Rascunho,Diepgang
NEW - Assignments List Page,Scheduled,Zaplanowane,กำหนดเวลาแล้ว,Programmé,Geplant,Plānots,Naplánované,បានកំណត់ពេល,Programado,Agendado,Gepland
NEW - Assignments List Page,Assignment,Przypisanie,การมอบหมายงาน,Affectation,Aufgabe,Piešķiršana,Pridelenie,កិច្ចការ,tarea,Tarefa,Opdracht
NEW - Assignments List Page,Quiz,Quiz,แบบทดสอบ,Quiz,Quiz,Viktorīna,Kvíz,សំណួរ,cuestionario,Questionário,Quiz
NEW - Assignments List Page,Project,Projekt,โครงการ,Projet,Projekt,Projekts,Projekt,គម្រោង,Proyecto,Projeto,Project
NEW - Assignments List Page,Not set,Nie ustawiono,ไม่ได้ตั้งค่า,Non défini,Nicht festgelegt,Nav iestatīts,Nie je nastavené,មិនបានកំណត់,No establecido,Não definido,Niet ingesteld
NEW - Create/Edit Assignment Wizard (teacher-to-student),Loading...,Ładowanie...,กำลังโหลด...,Chargement...,Laden...,Notiek ielāde...,Načítava sa...,កំពុង​ផ្ទុក...,Cargando...,Carregando...,Laden...
NEW - Create/Edit Assignment Wizard (teacher-to-student),Create new assignment,Utwórz nowe zadanie,สร้างงานใหม่,Créer une nouvelle mission,Neue Aufgabe erstellen,Izveidot jaunu uzdevumu,Vytvorte novú úlohu,បង្កើតកិច្ចការថ្មី។,Crear nueva tarea,Criar nova tarefa,Nieuwe opdracht aanmaken
NEW - Create/Edit Assignment Wizard (teacher-to-student),Step,Krok,ขั้นตอน,Étape,Schritt,Solis,Krok,ជំហាន,paso,Passo,Stap
NEW - Create/Edit Assignment Wizard (teacher-to-student),Step 1 of 4: Add title and instructions,Krok 1 z 4: Dodaj tytuł i instrukcje,ขั้นตอนที่ 1 จาก 4: เพิ่มชื่อและคำแนะนำ,Étape 1 sur 4 : Ajouter un titre et des instructions,Schritt 1 von 4: Titel und Anweisungen hinzufügen,1. darbība no 4: pievienojiet nosaukumu un norādījumus,Krok 1 zo 4: Pridajte názov a pokyny,ជំហានទី 1 នៃ 4៖ បន្ថែមចំណងជើង និងការណែនាំ,Paso 1 de 4: agregue título e instrucciones,Etapa 1 de 4: adicione título e instruções,Stap 1 van 4: Titel en instructies toevoegen
NEW - Create/Edit Assignment Wizard (teacher-to-student),Step 2 of 4: Add content,Krok 2 z 4: Dodaj treść,ขั้นตอนที่ 2 จาก 4: เพิ่มเนื้อหา,Étape 2 sur 4 : Ajouter du contenu,Schritt 2 von 4: Inhalte hinzufügen,2. darbība no 4: pievienojiet saturu,Krok 2 zo 4: Pridajte obsah,ជំហានទី 2 នៃ 4: បន្ថែមមាតិកា,Paso 2 de 4: Agregar contenido,Passo 2 de 4: Adicione conteúdo,Stap 2 van 4: Voeg inhoud toe
NEW - Create/Edit Assignment Wizard (teacher-to-student),Step 3 of 4: Add assignment details,Krok 3 z 4: Dodaj szczegóły zadania,ขั้นตอนที่ 3 จาก 4: เพิ่มรายละเอียดงาน,Étape 3 sur 4 : ajouter les détails de l'affectation,Schritt 3 von 4: Aufgabendetails hinzufügen,3. darbība no 4: pievienojiet uzdevuma informāciju,Krok 3 zo 4: Pridajte podrobnosti o úlohe,ជំហានទី 3 នៃ 4៖ បន្ថែមព័ត៌មានលម្អិតអំពីការងារ,Paso 3 de 4: Agregar detalles de la tarea,Etapa 3 de 4: adicionar detalhes da tarefa,Stap 3 van 4: Opdrachtdetails toevoegen
NEW - Create/Edit Assignment Wizard (teacher-to-student),Step 4 of 4: Assign and publish,Krok 4 z 4: Przypisz i opublikuj,ขั้นตอนที่ 4 จาก 4: มอบหมายและเผยแพร่,Étape 4 sur 4 : Attribuer et publier,Schritt 4 von 4: Zuweisen und veröffentlichen,4. darbība no 4: piešķiriet un publicējiet,Krok 4 zo 4: Priraďte a zverejnite,ជំហានទី 4 នៃ 4: ចាត់តាំង និងបោះផ្សាយ,Paso 4 de 4: Asignar y publicar,Etapa 4 de 4: atribuir e publicar,Stap 4 van 4: Toewijzen en publiceren
NEW - Create/Edit Assignment Wizard (teacher-to-student),Done,Gotowe,เสร็จแล้ว,Terminé,Fertig,Gatavs,Hotovo,រួចរាល់,hecho,Concluído,Klaar
NEW - Create/Edit Assignment Wizard (teacher-to-student),Add content item/sequence,Dodaj element/sekwencję treści,เพิ่มรายการเนื้อหา/ลำดับ,Ajouter un élément de contenu/une séquence,Inhaltselement/-sequenz hinzufügen,Pievienojiet satura vienumu/secību,Pridať položku/sekvenciu obsahu,បន្ថែមធាតុមាតិកា / លំដាប់,Agregar elemento/secuencia de contenido,Adicionar item/sequência de conteúdo,Voeg inhoudsitem/reeks toe
NEW - Create/Edit Assignment Wizard (teacher-to-student),Drag and drop item from the explore page or create new ones,Przeciągnij i upuść element ze strony eksploracji lub utwórz nowy,ลากและวางรายการจากหน้าสำรวจหรือสร้างรายการใหม่,Faites glisser et déposez un élément depuis la page d'exploration ou créez-en de nouveaux.,Ziehen Sie Elemente per Drag-and-Drop von der Erkundungsseite oder erstellen Sie neue,Velciet un nometiet vienumu no izpētes lapas vai izveidojiet jaunus,Presuňte položku zo stránky prieskumu alebo vytvorte novú,អូស និងទម្លាក់ធាតុពីទំព័ររុករក ឬបង្កើតធាតុថ្មី។,Arrastre y suelte elementos desde la página de exploración o cree otros nuevos,Arraste e solte um item da página de exploração ou crie novos,"Sleep items van de verkenningspagina en zet ze neer, of maak nieuwe items"
NEW - Create/Edit Assignment Wizard (teacher-to-student),e.g. Mathematics Quiz - Fractions,np. Quiz matematyczny - Ułamki zwykłe,เช่น แบบทดสอบคณิตศาสตร์ - เศษส่วน,par ex. Quiz Mathématiques - Fractions,z.B. Mathematik-Quiz – Brüche,piem. Matemātikas viktorīna – daļskaitļi,napr. Matematický kvíz – zlomky,ឧ. កម្រងសំណួរគណិតវិទ្យា - ប្រភាគ,por ej. Prueba de matemáticas: fracciones,por exemplo Questionário de Matemática - Frações,bijv. Wiskundequiz - Breuken
NEW - Create/Edit Assignment Wizard (teacher-to-student),Instructions,Instrukcje,คำแนะนำ,Instructions,Anweisungen,Norādījumi,Pokyny,សេចក្តីណែនាំ,Instrucciones,Instruções,Instructies
NEW - Create/Edit Assignment Wizard (teacher-to-student),Provide detailed instructions for students,Podaj szczegółowe instrukcje dla uczniów,ให้คำแนะนำโดยละเอียดแก่นักเรียน,Fournir des instructions détaillées aux étudiants,Geben Sie den Schülern detaillierte Anweisungen,Sniedziet studentiem detalizētus norādījumus,Poskytnite študentom podrobné pokyny,ផ្តល់ការណែនាំលម្អិតសម្រាប់សិស្ស,Proporcionar instrucciones detalladas para los estudiantes.,Forneça instruções detalhadas para os alunos,Geef gedetailleerde instructies voor studenten
NEW - Create/Edit Assignment Wizard (teacher-to-student),Due date (Optional),Termin płatności (opcjonalnie),วันครบกำหนด (ไม่บังคับ),Date d'échéance (facultatif),Fälligkeitsdatum (optional),Izpildes datums (neobligāti),Dátum splatnosti (voliteľné),កាលបរិច្ឆេទផុតកំណត់ (ជាជម្រើស),Fecha de vencimiento (opcional),Data de vencimento (opcional),Vervaldatum (optioneel)
NEW - Create/Edit Assignment Wizard (teacher-to-student),Due time (Optional),Termin realizacji (opcjonalnie),เวลาครบกำหนด (ไม่บังคับ),Délai (facultatif),Fälligkeitszeit (optional),Izpildes laiks (pēc izvēles),Termín (voliteľné),ដល់ពេលកំណត់ (ស្រេចចិត្ត),Hora de vencimiento (opcional),Prazo de vencimento (opcional),Vervaltijd (optioneel)
NEW - Create/Edit Assignment Wizard (teacher-to-student),Current item/sequence,Bieżący element/sekwencja,รายการ/ลำดับปัจจุบัน,Élément/séquence actuel,Aktueller Artikel/Reihenfolge,Pašreizējais vienums/secība,Aktuálna položka/sekvencia,ធាតុបច្ចុប្បន្ន / លំដាប់,Elemento/secuencia actual,Item/sequência atual,Huidig item/reeks
NEW - Create/Edit Assignment Wizard (teacher-to-student),Preview,Podgląd,ดูตัวอย่าง,Aperçu,Vorschau,Priekšskatījums,Ukážka,មើលជាមុន,Vista previa,Visualização,Voorbeeld
NEW - Create/Edit Assignment Wizard (teacher-to-student),No items added yet,Nie dodano jeszcze żadnych elementów,ยังไม่มีรายการเพิ่ม,Aucun élément ajouté pour l'instant,Es wurden noch keine Artikel hinzugefügt,Vēl nav pievienots neviens vienums,Zatiaľ neboli pridané žiadne položky,មិនមានធាតុបន្ថែមនៅឡើយទេ,Aún no se han añadido elementos,Nenhum item adicionado ainda,Nog geen artikelen toegevoegd
NEW - Create/Edit Assignment Wizard (teacher-to-student),Allow late submissions,Zezwalaj na spóźnione zgłoszenia,ขออนุญาติส่งล่าช้า,Autoriser les soumissions tardives,Erlauben Sie verspätete Einreichungen,Atļaut novēlotu iesniegšanu,Povoliť neskoré odoslania,អនុញ្ញាតឱ្យដាក់ស្នើយឺត,Permitir envíos tardíos,Permitir envios tardios,Laattijdige inzendingen toestaan
NEW - Create/Edit Assignment Wizard (teacher-to-student),Students can submit after due date,Studenci mogą składać prace po terminie,นักศึกษาสามารถส่งได้หลังจากวันครบกำหนด,Les étudiants peuvent soumettre après la date limite,Studierende können ihre Unterlagen nach Ablauf der Frist einreichen,Studenti var iesniegt pēc noteiktā termiņa,Študenti sa môžu prihlásiť po termíne,សិស្ស​អាច​ដាក់​ពាក្យ​បន្ទាប់​ពី​កាល​បរិច្ឆេទ​កំណត់,Los estudiantes pueden enviar después de la fecha límite.,Os alunos podem enviar após a data de vencimento,Studenten kunnen na de deadline inleveren
NEW - Create/Edit Assignment Wizard (teacher-to-student),Maximum attempts,Maksymalne próby,ความพยายามสูงสุด,Tentatives maximales,Maximale Versuche,Maksimālais mēģinājumu skaits,Maximálny počet pokusov,ការប៉ុនប៉ងអតិបរមា,Intentos máximos,Máximo de tentativas,Maximale pogingen
NEW - Create/Edit Assignment Wizard (teacher-to-student),1 attempt,1 próba,1 ครั้ง,1 tentative,1 Versuch,1 mēģinājums,1 pokus,1 ការប៉ុនប៉ង,1 intento,1 tentativa,1 poging
NEW - Create/Edit Assignment Wizard (teacher-to-student),2 attempts,2 próby,2 ครั้ง,2 tentatives,2 Versuche,2 mēģinājumi,2 pokusy,2 ការប៉ុនប៉ង,2 intentos,2 tentativas,2 pogingen
NEW - Create/Edit Assignment Wizard (teacher-to-student),3 attempts,3 próby,ความพยายาม 3 ครั้ง,3 tentatives,3 Versuche,3 mēģinājumi,3 pokusy,3 ការប៉ុនប៉ង,3 intentos,3 tentativas,3 pogingen
NEW - Create/Edit Assignment Wizard (teacher-to-student),Unlimited,Nieograniczony,ไม่จำกัด,Illimité,Unbegrenzt,Neierobežots,Neobmedzené,គ្មានដែនកំណត់,Ilimitado,Ilimitado,Onbeperkt
NEW - Create/Edit Assignment Wizard (teacher-to-student),Feedback timing,Czas na informację zwrotną,ระยะเวลาการตอบรับ,Calendrier des commentaires,Feedback-Timing,Atsauksmes laiks,Načasovanie spätnej väzby,ពេលវេលាផ្តល់យោបល់,Tiempo de retroalimentación,Tempo de feedback,Feedbacktiming
NEW - Create/Edit Assignment Wizard (teacher-to-student),At the end,Na koniec,ในตอนท้าย,A la fin,Am Ende,Beigās,Na konci,នៅចុងបញ្ចប់,al final,No final,Aan het einde
NEW - Create/Edit Assignment Wizard (teacher-to-student),After each question,Po każdym pytaniu,หลังจากแต่ละคำถาม,Après chaque question,Nach jeder Frage,Pēc katra jautājuma,Po každej otázke,បន្ទាប់ពីសំណួរនីមួយៗ,Después de cada pregunta,Depois de cada pergunta,Na elke vraag
NEW - Create/Edit Assignment Wizard (teacher-to-student),Never,Nigdy,ไม่เคย,Jamais,Niemals,Nekad,Nikdy,មិនដែល,nunca,Nunca,Nooit
NEW - Create/Edit Assignment Wizard (teacher-to-student),Shuffle questions,Pomieszaj pytania,สุ่มคำถาม,Mélanger les questions,Mischen Sie die Fragen,Sajaukt jautājumus,Miešajte otázky,សួរសំណួរ,Preguntas aleatorias,Perguntas aleatórias,Schud vragen
NEW - Create/Edit Assignment Wizard (teacher-to-student),Randomize question order for each student,Losuj kolejność pytań dla każdego ucznia,สุ่มลำดับคำถามสำหรับนักเรียนแต่ละคน,Ordre aléatoire des questions pour chaque élève,Randomisieren Sie die Reihenfolge der Fragen für jeden Schüler,Izlases kārtībā katram skolēnam izveidojiet jautājumu secību,Náhodné poradie otázok pre každého študenta,កំណត់លំដាប់សំណួរដោយចៃដន្យសម្រាប់សិស្សម្នាក់ៗ,Orden aleatorio de las preguntas para cada estudiante,Randomize a ordem das perguntas para cada aluno,Willekeurige vraagvolgorde voor elke leerling
NEW - Create/Edit Assignment Wizard (teacher-to-student),Show correct answers,Pokaż prawidłowe odpowiedzi,แสดงคำตอบที่ถูกต้อง,Afficher les bonnes réponses,Richtige Antworten anzeigen,Parādiet pareizās atbildes,Ukážte správne odpovede,បង្ហាញចម្លើយត្រឹមត្រូវ។,Mostrar respuestas correctas,Mostrar respostas corretas,Toon de juiste antwoorden
NEW - Create/Edit Assignment Wizard (teacher-to-student),Display correct answers after submission,Wyświetl prawidłowe odpowiedzi po przesłaniu,แสดงคำตอบที่ถูกต้องหลังจากส่ง,Afficher les bonnes réponses après la soumission,Zeigen Sie nach dem Absenden die richtigen Antworten an,Parādiet pareizās atbildes pēc iesniegšanas,Po odoslaní zobrazte správne odpovede,បង្ហាញចម្លើយត្រឹមត្រូវបន្ទាប់ពីការបញ្ជូន,Mostrar respuestas correctas después del envío,Exibir respostas corretas após o envio,Geef de juiste antwoorden weer na indiening
NEW - Create/Edit Assignment Wizard (teacher-to-student),Teacher notes (private),Notatki nauczyciela (prywatne),บันทึกของครู (ส่วนตัว),Notes du professeur (privées),Lehrernotizen (privat),Skolotāju piezīmes (privātas),Poznámky učiteľa (súkromné),កំណត់ចំណាំរបស់គ្រូ (ឯកជន),Notas del profesor (privado),Notas do professor (privadas),Aantekeningen voor de docent (privé)
NEW - Create/Edit Assignment Wizard (teacher-to-student),Add private notes for your reference...,Dodaj prywatne notatki w celach informacyjnych...,เพิ่มบันทึกส่วนตัวสำหรับการอ้างอิงของคุณ...,Ajoutez des notes privées pour votre référence...,Fügen Sie private Notizen als Referenz hinzu ...,Pievienojiet privātas piezīmes savai atsaucei...,Pridajte súkromné poznámky pre vašu referenciu...,បន្ថែមកំណត់ចំណាំឯកជនសម្រាប់ឯកសារយោងរបស់អ្នក...,Agregue notas privadas para su referencia...,Adicione notas privadas para sua referência...,Voeg privénotities toe ter referentie...
NEW - Create/Edit Assignment Wizard (teacher-to-student),Assign to,Przypisz do,มอบหมายให้,Attribuer à,Zuordnen zu,Piešķirt,Priradiť komu,ចាត់តាំងទៅ,Asignar a,Atribuir a,Toewijzen aan
NEW - Create/Edit Assignment Wizard (teacher-to-student),Search group(s),Przeszukaj grupy,กลุ่มการค้นหา,Groupe(s) de recherche,Suchgruppe(n),Meklēt grupu(-as),Hľadať skupiny,ស្វែងរកក្រុម,Grupo(s) de búsqueda,Grupo(s) de pesquisa,Zoekgroep(en)
NEW - Create/Edit Assignment Wizard (teacher-to-student),No groups found,Nie znaleziono żadnych grup,ไม่พบกลุ่ม,Aucun groupe trouvé,Keine Gruppen gefunden,Nav atrasta neviena grupa,Nenašli sa žiadne skupiny,រកមិនឃើញក្រុមទេ។,No se encontraron grupos,Nenhum grupo encontrado,Geen groepen gevonden
NEW - Create/Edit Assignment Wizard (teacher-to-student),Distribution options,Opcje dystrybucji,ตัวเลือกการกระจาย,Options de distribution,Vertriebsoptionen,Izplatīšanas iespējas,Možnosti distribúcie,ជម្រើសចែកចាយ,Opciones de distribución,Opções de distribuição,Distributiemogelijkheden
NEW - Create/Edit Assignment Wizard (teacher-to-student),Publish immediately,Opublikuj natychmiast,เผยแพร่ทันที,Publier immédiatement,Sofort veröffentlichen,Nekavējoties publicēt,Okamžite publikovať,បោះផ្សាយភ្លាមៗ,Publicar inmediatamente,Publique imediatamente,Publiceer onmiddellijk
NEW - Create/Edit Assignment Wizard (teacher-to-student),Students can start working right away,Studenci mogą rozpocząć pracę od zaraz,นักศึกษาสามารถเริ่มทำงานได้ทันที,Les étudiants peuvent commencer à travailler immédiatement,Die Studierenden können sofort mit der Arbeit beginnen,Studenti var sākt strādāt uzreiz,Študenti môžu začať pracovať hneď,សិស្សអាចចាប់ផ្តើមធ្វើការភ្លាមៗ,Los estudiantes pueden comenzar a trabajar de inmediato.,Os alunos podem começar a trabalhar imediatamente,Studenten kunnen meteen aan de slag
NEW - Create/Edit Assignment Wizard (teacher-to-student),Schedule for later,Zaplanuj na później,กำหนดการในภายหลัง,Programmer pour plus tard,Planen Sie für später,Plānojiet vēlāk,Naplánujte na neskôr,កាលវិភាគសម្រាប់ពេលក្រោយ,Agenda para más tarde,Agendar para mais tarde,Plan voor later
NEW - Create/Edit Assignment Wizard (teacher-to-student),Set a specific date and time to publish,Ustaw konkretną datę i godzinę publikacji,กำหนดวันที่และเวลาที่ต้องการเผยแพร่,Définir une date et une heure spécifiques pour publier,Legen Sie ein bestimmtes Datum und eine bestimmte Uhrzeit für die Veröffentlichung fest,Iestatiet konkrētu publicēšanas datumu un laiku,Nastavte konkrétny dátum a čas zverejnenia,កំណត់កាលបរិច្ឆេទ និងពេលវេលាជាក់លាក់មួយដើម្បីផ្សព្វផ្សាយ,Establecer una fecha y hora específicas para publicar,Defina uma data e hora específicas para publicar,Stel een specifieke datum en tijd in om te publiceren
NEW - Create/Edit Assignment Wizard (teacher-to-student),Save as draft,Zapisz jako wersję roboczą,บันทึกเป็นฉบับร่าง,Enregistrer comme brouillon,Als Entwurf speichern,Saglabāt kā melnrakstu,Uložiť ako koncept,រក្សាទុកជាសេចក្តីព្រាង,Guardar como borrador,Salvar como rascunho,Opslaan als concept
NEW - Create/Edit Assignment Wizard (teacher-to-student),Keep working on it before publishing,Pracuj nad tym przed publikacją,ทำงานต่อไปก่อนที่จะเผยแพร่,Continuez à travailler dessus avant de publier,"Arbeiten Sie weiter daran, bevor Sie es veröffentlichen",Turpiniet strādāt ar to pirms publicēšanas,Pokračujte v práci pred publikovaním,បន្តធ្វើការលើវាមុនពេលបោះពុម្ព,Sigue trabajando en ello antes de publicar.,Continue trabalhando nisso antes de publicar,Blijf eraan werken voordat u het publiceert
NEW - Create/Edit Assignment Wizard (teacher-to-student),Create assignment,Utwórz zadanie,สร้างงาน,Créer un devoir,Aufgabe erstellen,Izveidot uzdevumu,Vytvorte úlohu,បង្កើតកិច្ចការ,Crear tarea,Criar tarefa,Opdracht maken
NEW - View Assignment Details Modal,Complete information about,Pełne informacje dot,ข้อมูลครบถ้วนเกี่ยวกับ,Informations complètes sur,Vollständige Informationen über,Pilnīga informācija par,Kompletné informácie o,ព័ត៌មានពេញលេញអំពី,Información completa sobre,Informações completas sobre,Volledige informatie over
NEW - View Assignment Details Modal,Assignment information,Informacje o zadaniu,ข้อมูลการมอบหมายงาน,Informations sur l'affectation,Informationen zur Aufgabe,Uzdevuma informācija,Informácie o zadaní,ព័ត៌មានអំពីកិច្ចការ,Información de la tarea,Informações de atribuição,Informatie over de opdracht
NEW - View Assignment Details Modal,Title,Tytuł,ชื่อเรื่อง,Titre,Titel,Nosaukums,Názov,ចំណងជើង,Título,Título,Titel
NEW - View Assignment Details Modal,No instructions provided,Brak instrukcji,ไม่มีคำแนะนำให้,Aucune instruction fournie,Keine Anleitung vorhanden,Nav sniegti norādījumi,Nie sú poskytnuté žiadne pokyny,មិនមានការណែនាំទេ។,No se proporcionan instrucciones,Nenhuma instrução fornecida,Geen instructies verstrekt
NEW - View Assignment Details Modal,Assignment settings,Ustawienia przypisania,การตั้งค่าการมอบหมาย,Paramètres d'affectation,Zuweisungseinstellungen,Uzdevuma iestatījumi,Nastavenia priradenia,ការកំណត់កិច្ចការ,Configuración de tareas,Configurações de atribuição,Toewijzingsinstellingen
NEW - View Assignment Details Modal,Feedback timings,Czasy informacji zwrotnej,การกำหนดเวลาข้อเสนอแนะ,Horaires des commentaires,Feedback-Timings,Atsauksmju laiki,Časovanie spätnej väzby,ពេលវេលាផ្តល់យោបល់,Horarios de comentarios,Tempos de feedback,Feedbacktijden
NEW - View Assignment Details Modal,Late submissions,Spóźnione zgłoszenia,การส่งล่าช้า,Soumissions tardives,Verspätete Einreichungen,Novēloti iesniegumi,Neskoré podania,ការដាក់ស្នើយឺត,Envíos tardíos,Envios atrasados,Late inzendingen
NEW - View Assignment Details Modal,Allowed,Dozwolone,ได้รับอนุญาต,Autorisé,Erlaubt,Atļauts,Povolené,អនុញ្ញាត,Permitido,Permitido,Toegestaan
NEW - View Assignment Details Modal,Not allowed,Niedozwolone,ไม่อนุญาต,Non autorisé,Nicht erlaubt,Nav atļauts,Nie je povolené,មិនអនុញ្ញាត,No permitido,Não permitido,Niet toegestaan
NEW - View Assignment Details Modal,Yes,Tak,ใช่,Oui,Ja,Jā,áno,បាទ,si,Sim,Ja
NEW - View Assignment Details Modal,No,Nie,ไม่,Non,Nein,Nē,Nie,ទេ,No,Não,Nee
NEW - View Assignment Details Modal,Assignment group & students,Grupa zadaniowa i uczniowie,กลุ่มที่ได้รับมอบหมายและนักเรียน,Groupe d'affectation et étudiants,Aufgabengruppe & Studenten,Uzdevumu grupa un studenti,Skupina úloh a študenti,ក្រុមកិច្ចការ និងសិស្ស,Grupo de tareas y estudiantes,Grupo de tarefas e alunos,Opdrachtgroep & studenten
NEW - View Assignment Details Modal,No groups assigned,Brak przypisanych grup,ไม่มีการกำหนดกลุ่ม,Aucun groupe attribué,Keine Gruppen zugewiesen,Nav piešķirta neviena grupa,Nie sú priradené žiadne skupiny,គ្មាន​ក្រុម​ត្រូវ​បាន​កំណត់,No hay grupos asignados,Nenhum grupo atribuído,Geen groepen toegewezen
NEW - View Assignment Details Modal,Content items,Elementy treści,รายการเนื้อหา,Éléments de contenu,Inhaltselemente,Satura vienumi,Položky obsahu,ធាតុមាតិកា,Elementos de contenido,Itens de conteúdo,Inhoud artikelen
NEW - View Assignment Details Modal,No content items added,Nie dodano żadnych elementów treści,ไม่มีการเพิ่มรายการเนื้อหา,Aucun élément de contenu ajouté,Keine Inhaltselemente hinzugefügt,Nav pievienots neviens satura vienums,Neboli pridané žiadne položky obsahu,មិនមានធាតុមាតិកាត្រូវបានបន្ថែមទេ។,No se agregaron elementos de contenido,Nenhum item de conteúdo adicionado,Geen inhoudsitems toegevoegd
NEW - View Assignment Details Modal,Error loading assignment,Błąd podczas ładowania zadania,เกิดข้อผิดพลาดในการโหลดงาน,Erreur de chargement de l'affectation,Fehler beim Laden der Aufgabe,"Ielādējot uzdevumu, radās kļūda",Pri načítavaní úlohy sa vyskytla chyba,មាន​បញ្ហា​ក្នុង​ការ​ផ្ទុក​កិច្ចការ,Error al cargar la tarea,Erro ao carregar atribuição,Fout bij het laden van de opdracht
NEW - View Submissions Page,Points,Punkty,คะแนน,Points,Punkte,Punkti,Body,ពិន្ទុ,Puntos,Pontos,Punten
NEW - View Submissions Page,Score,Wynik,คะแนน,Score,Punktzahl,Rezultāts,skóre,ពិន្ទុ,Puntuación,Pontuação,Scoren
NEW - View Submissions Page,Questions,Pytania,คำถาม,Questions,Fragen,Jautājumi,Otázky,សំណួរ,Preguntas,Perguntas,Vragen
NEW - View Submissions Page,Student,Studenta,นักศึกษา,Étudiant,Student,Students,Študent,សិស្ស,estudiante,Estudante,Student
NEW - View Submissions Page,Point,Punkt,จุด,Point,Punkt,Punkts,Bod,ចំណុច,Punto,Ponto,Punt
NEW - View Submissions Page,Loading question...,Ładowanie pytania...,กำลังโหลดคำถาม...,Chargement de la question...,Frage wird geladen...,Notiek jautājuma ielāde...,Načítava sa otázka...,កំពុងផ្ទុកសំណួរ...,Cargando pregunta...,Carregando pergunta...,Vraag laden...
NEW - View Submissions Page,Result,Wynik,ผลลัพธ์,Résultat,Ergebnis,Rezultāts,Výsledok,លទ្ធផល,Resultado,Resultado,Resultaat
NEW - View Submissions Page,Correct,Poprawne,ถูกต้อง,Correct,Richtig,Pareizi,Správne,ត្រឹមត្រូវ។,Correcto,Correto,Juist
NEW - View Submissions Page,Incorrect,Niepoprawne,ไม่ถูกต้อง,Incorrect,Falsch,Nepareizi,Nesprávne,មិនត្រឹមត្រូវ,Incorrecto,Incorreto,Onjuist
NEW - View Submissions Page,Not answered,Brak odpowiedzi,ไม่ตอบ,Pas de réponse,Nicht beantwortet,Neatbildēja,Nezodpovedané,មិនបានឆ្លើយ,No respondido,Não respondido,Niet beantwoord
NEW - View Submissions Page,Feedback for this question,Opinia dotycząca tego pytania,ข้อเสนอแนะสำหรับคำถามนี้,Commentaires pour cette question,Feedback zu dieser Frage,Atsauksmes par šo jautājumu,Spätná väzba na túto otázku,មតិប្រតិកម្មចំពោះសំណួរនេះ។,Comentarios para esta pregunta,Feedback para esta pergunta,Feedback voor deze vraag
NEW - View Submissions Page,Provide specific feedback for this item...,Podaj konkretną opinię na temat tego elementu...,ให้ข้อเสนอแนะเฉพาะสำหรับรายการนี้...,Fournissez des commentaires spécifiques pour cet article...,Geben Sie spezifisches Feedback zu diesem Artikel ...,Sniedziet konkrētas atsauksmes par šo vienumu...,Poskytnite konkrétnu spätnú väzbu pre túto položku...,ផ្តល់មតិកែលម្អជាក់លាក់សម្រាប់ធាតុនេះ...,Proporcione comentarios específicos para este artículo...,Forneça feedback específico para este item...,Geef specifieke feedback voor dit item...
NEW - View Submissions Page,This feedback will be shown to the student alongside their response,Ta opinia zostanie pokazana uczniowi wraz z odpowiedzią,ข้อเสนอแนะนี้จะแสดงให้นักเรียนเห็นควบคู่ไปกับการตอบกลับของพวกเขา,Ce feedback sera montré à l'étudiant avec sa réponse,Dieses Feedback wird dem Schüler zusammen mit seiner Antwort angezeigt,Šīs atsauksmes tiks rādītas skolēnam kopā ar viņu atbildi,Táto spätná väzba sa študentovi zobrazí spolu s jeho odpoveďou,មតិ​កែលម្អ​នេះ​នឹង​ត្រូវ​បាន​បង្ហាញ​ដល់​សិស្ស​រួម​នឹង​ការ​ឆ្លើយតប​របស់​ពួកគេ។,Estos comentarios se mostrarán al estudiante junto con su respuesta.,Este feedback será mostrado ao aluno junto com sua resposta,Deze feedback wordt samen met de reactie aan de student getoond
NEW - View Submissions Page,Overview,Przegląd,ภาพรวม,Aperçu,Übersicht,Pārskats,Prehľad,ទិដ្ឋភាពទូទៅ,Descripción general,Visão geral,Overzicht
NEW - View Submissions Page,Details,Szczegóły,รายละเอียด,Détails,Einzelheiten,Sīkāka informācija,Podrobnosti,ព័ត៌មានលម្អិត,Detalles,Detalhes,Details
NEW - View Submissions Page,Assignment overview,Przegląd zadań,ภาพรวมการมอบหมายงาน,Aperçu des missions,Aufgabenübersicht,Uzdevuma pārskats,Prehľad zadaní,ទិដ្ឋភាពទូទៅនៃកិច្ចការ,Descripción general de la tarea,Visão geral da tarefa,Overzicht opdrachten
NEW - View Submissions Page,Answered,Odpowiedziano,ตอบแล้ว,Répondu,Beantwortet,Atbildēja,Odpovedané,ឆ្លើយ,Respondido,Respondido,Beantwoord
NEW - View Submissions Page,Total items,Łączna liczba elementów,รายการทั้งหมด,Total des articles,Gesamtzahl der Artikel,Vienumu kopskaits,Celkový počet položiek,ធាតុសរុប,Artículos totales,Total de itens,Totaal aantal artikelen
NEW - View Submissions Page,Partial,Częściowe,บางส่วน,Partielle,Teilweise,Daļēja,Čiastočné,ផ្នែក,Parcial,Parcial,Gedeeltelijk
NEW - View Submissions Page,Skipped,Pominięte,ข้ามไป,Sauté,Übersprungen,Izlaists,Preskočené,បានរំលង,Saltado,Ignorado,Overgeslagen
NEW - View Submissions Page,Overall grade,Ogólna ocena,เกรดโดยรวม,Note globale,Gesamtnote,Kopējā atzīme,Celková známka,ថ្នាក់សរុប,Calificación general,Nota geral,Algemeen cijfer
NEW - View Submissions Page,Score(%),Wynik (%),คะแนน(%),Note(%),Punktzahl (%),Rezultāts (%),skóre (%),ពិន្ទុ(%),Puntuación(%),Pontuação (%),Score(%)
NEW - View Submissions Page,Enter score out of 100,Wpisz wynik na 100,ใส่คะแนนเต็ม 100,Entrez une note sur 100,Geben Sie eine Punktzahl von 100 ein,Ievadiet punktu skaitu no 100,Zadajte skóre zo 100,បញ្ចូលពិន្ទុចេញពី 100,Introduzca la puntuación sobre 100,Digite a pontuação de 100,Voer een score van 100 in
NEW - View Submissions Page,Overall feedback,Ogólna informacja zwrotna,ข้อเสนอแนะโดยรวม,Commentaires globaux,Allgemeines Feedback,Kopējās atsauksmes,Celková spätná väzba,មតិទូទៅ,Comentarios generales,Feedback geral,Algemene feedback
NEW - View Submissions Page,Provide overall feedback for the student...,Przekaż uczniowi ogólną informację zwrotną...,แสดงความคิดเห็นโดยรวมสำหรับนักเรียน...,Fournir un feedback global à l'étudiant...,Geben Sie dem Schüler ein allgemeines Feedback...,Sniedziet studentam vispārēju atgriezenisko saiti...,Poskytnite študentom celkovú spätnú väzbu...,ផ្តល់មតិទូទៅសម្រាប់សិស្ស...,Proporcionar retroalimentación general al estudiante...,Fornecer feedback geral para o aluno...,Geef algemene feedback aan de student...
NEW - View Submissions Page,This feedback will be visible to the student,Ta opinia będzie widoczna dla ucznia,ความคิดเห็นนี้จะปรากฏแก่นักเรียน,Ce feedback sera visible par l'étudiant,Dieses Feedback ist für den Studierenden sichtbar,Šīs atsauksmes būs redzamas studentam,Táto spätná väzba bude viditeľná pre študenta,មតិកែលម្អនេះនឹងអាចមើលឃើញដោយសិស្ស,Esta retroalimentación será visible para el estudiante.,Este feedback ficará visível para o aluno,Deze feedback is zichtbaar voor de student
NEW - View Submissions Page,Teacher notes,Notatki nauczyciela,บันทึกของครู,Notes de l'enseignant,Notizen des Lehrers,Skolotāja piezīmes,Poznámky učiteľa,ចំណាំរបស់គ្រូ,notas del profesor,Notas do professor,Aantekeningen van de docent
NEW - View Submissions Page,Private notes,Prywatne notatki,บันทึกส่วนตัว,Notes privées,Private Notizen,Privātas piezīmes,Súkromné poznámky,កំណត់ចំណាំឯកជន,notas privadas,Notas privadas,Privé notities
NEW - View Submissions Page,Add private notes for your references...,Dodaj prywatne notatki do swoich referencji...,เพิ่มบันทึกส่วนตัวสำหรับการอ้างอิงของคุณ...,Ajoutez des notes privées pour vos références...,Fügen Sie private Notizen für Ihre Referenzen hinzu ...,Pievienojiet privātas piezīmes savām atsaucēm...,Pridajte súkromné poznámky pre vaše referencie...,បន្ថែមកំណត់ចំណាំឯកជនសម្រាប់ឯកសារយោងរបស់អ្នក...,Agregue notas privadas para sus referencias...,Adicione notas privadas para suas referências...,Voeg privénotities toe voor uw referenties...
NEW - View Submissions Page,Submission details,Szczegóły zgłoszenia,รายละเอียดการส่ง,Détails de la soumission,Einzelheiten zur Einreichung,Iesniegšanas informācija,Podrobnosti o odoslaní,ព័ត៌មានលម្អិតនៃការដាក់ស្នើ,Detalles de envío,Detalhes do envio,Inzendingsgegevens
NEW - View Submissions Page,Email,E-mail,อีเมล,Courriel,E-Mail,E-pasts,Email,អ៊ីមែល,Correo electrónico,E-mail,E-mail
NEW - View Submissions Page,Grade,Ocena,เกรด,Note,Note,Novērtējums,stupňa,ថ្នាក់,Grado,Nota,Rang
NEW - View Submissions Page,Submitted,Przesłane,ส่งแล้ว,Soumis,Eingereicht,Iesniegts,Predložené,បានដាក់ស្នើ,Enviado,Enviado,Ingezonden
NEW - View Submissions Page,Time Spent,Czas spędzony,เวลาที่ใช้ไป,Temps passé,Zeitaufwand,Pavadītais laiks,Strávený čas,ពេលវេលាចំណាយ,Tiempo invertido,Tempo gasto,Tijd besteed
NEW - View Submissions Page,Attempts,Próby,ความพยายาม,Tentatives,Versuche,Mēģinājumi,Pokusy,ការប៉ុនប៉ង,Intentos,Tentativas,Pogingen
NEW - View Submissions Page,Completion,Zakończenie,เสร็จสิ้น,Achèvement,Fertigstellung,Pabeigšana,Dokončenie,ការបញ្ចប់,Finalización,Conclusão,Voltooiing
NEW - View Submissions Page,Auto Save,Automatyczne zapisywanie,บันทึกอัตโนมัติ,Sauvegarde automatique,Automatisch speichern,Auto Save,Automatické uloženie,រក្សាទុកដោយស្វ័យប្រវត្តិ,Guardar automáticamente,Salvamento automático,Automatisch opslaan
NEW - View Submissions Page,Save Draft,Zapisz wersję roboczą,บันทึกฉบับร่าง,Enregistrer le brouillon,Entwurf speichern,Saglabāt melnrakstu,Uložiť koncept,រក្សាទុកសេចក្តីព្រាង,Guardar borrador,Salvar rascunho,Concept opslaan
NEW - View Submissions Page,Mark as Graded,Oznacz jako ocenione,ทำเครื่องหมายว่าให้คะแนนแล้ว,Marquer comme noté,Als benotet markieren,Atzīmēt kā novērtētu,Označiť ako klasifikované,សម្គាល់ថាជាចំណាត់ថ្នាក់,Marcar como calificado,Marcar como avaliado,Markeer als beoordeeld
NEW - View Submissions Page,Not started,Nie rozpoczęte,ไม่ได้เริ่ม,Pas commencé,Nicht gestartet,Nav sākts,Nespustené,មិនបានចាប់ផ្តើមទេ។,No iniciado,Não iniciado,Niet gestart
NEW - View Submissions Page,In Progress,W toku,อยู่ระหว่างดำเนินการ,En cours,In Bearbeitung,Notiek,Prebieha,កំពុងដំណើរការ,En progreso,Em andamento,In uitvoering
NEW - Pagination & Admin Page,Page,Strona,หน้า,Pages,Seite,Lapa,Stránka,ទំព័រ,Página,Página,Pagina
NEW - Pagination & Admin Page,All,Wszystko,ทั้งหมด,Tout,Alle,Visi,Všetky,ទាំងអស់។,Todos,Todos,Allemaal
NEW - Pagination & Admin Page,Archived,Zarchiwizowane,เก็บถาวรแล้ว,Archivé,Archiviert,Arhivēts,Archivované,ទុកក្នុងប័ណ្ណសារ,Archivado,Arquivado,Gearchiveerd
NEW - Add Student Modal,Add students,Dodaj uczniów,เพิ่มนักเรียน,Ajouter des étudiants,Studenten hinzufügen,Pievienojiet studentus,Pridajte študentov,បន្ថែមសិស្ស,Agregar estudiantes,Adicionar alunos,Voeg studenten toe
NEW - Add Student Modal,Choose how you would like to add students,Wybierz sposób dodawania uczniów,เลือกวิธีที่คุณต้องการเพิ่มนักเรียน,Choisissez comment vous souhaitez ajouter des étudiants,"Wählen Sie aus, wie Sie Schüler hinzufügen möchten","Izvēlieties, kā vēlaties pievienot skolēnus","Vyberte, ako chcete pridať študentov",ជ្រើសរើសរបៀបដែលអ្នកចង់បន្ថែមសិស្ស,Elija cómo desea agregar estudiantes,Escolha como você gostaria de adicionar alunos,Kies hoe je leerlingen wilt toevoegen
NEW - Add Student Modal,Create individual account,Utwórz konto indywidualne,สร้างบัญชีส่วนบุคคล,Créer un compte individuel,Erstellen Sie ein individuelles Konto,Izveidojiet individuālu kontu,Vytvorte si individuálny účet,បង្កើតគណនីផ្ទាល់ខ្លួន,Crear cuenta individual,Criar conta individual,Maak een individueel account aan
NEW - Add Student Modal,Manually create a single student account,Ręcznie utwórz pojedyncze konto studenckie,สร้างบัญชีนักเรียนบัญชีเดียวด้วยตนเอง,Créer manuellement un seul compte étudiant,Erstellen Sie manuell ein einzelnes Studentenkonto,Manuāli izveidojiet vienu studenta kontu,Manuálne vytvorte jeden študentský účet,បង្កើតគណនីសិស្សតែមួយដោយដៃ,Crear manualmente una cuenta de estudiante única,Crie manualmente uma única conta de aluno,Maak handmatig één studentenaccount aan
NEW - Add Student Modal,Create bulk accounts,Utwórz konta zbiorcze,สร้างบัญชีจำนวนมาก,Créer des comptes groupés,Erstellen Sie Massenkonten,Izveidojiet lielapjoma kontus,Vytvorte hromadné účty,បង្កើតគណនីភាគច្រើន,Crear cuentas masivas,Crie contas em massa,Maak bulkaccounts aan
NEW - Add Student Modal,Upload CSV or manually enter multiple students,Prześlij plik CSV lub ręcznie wprowadź wielu uczniów,อัปโหลด CSV หรือป้อนนักเรียนหลายคนด้วยตนเอง,Téléchargez CSV ou saisissez manuellement plusieurs étudiants,Laden Sie eine CSV-Datei hoch oder geben Sie mehrere Schüler manuell ein,Augšupielādējiet CSV vai manuāli ievadiet vairākus skolēnus,Nahrajte súbor CSV alebo manuálne zadajte viacero študentov,បង្ហោះ CSV ឬបញ្ចូលសិស្សច្រើននាក់ដោយដៃ,Cargue CSV o ingrese manualmente varios estudiantes,Carregue CSV ou insira manualmente vários alunos,Upload CSV of voer handmatig meerdere leerlingen in
NEW - Add Student Modal,Link via SSO,Link przez SSO,ลิงก์ผ่าน SSO,Lien via SSO,Verknüpfung über SSO,"Saite, izmantojot SSO",Prepojiť cez SSO,ភ្ជាប់តាមរយៈ SSO,Enlace a través de SSO,Link via SSO,Koppeling via SSO
NEW - Add Student Modal,Connect existing accounts from Google or Microsoft,Połącz istniejące konta Google lub Microsoft,เชื่อมต่อบัญชีที่มีอยู่จาก Google หรือ Microsoft,Connectez les comptes existants de Google ou Microsoft,Verbinden Sie bestehende Konten von Google oder Microsoft,Savienojiet esošos Google vai Microsoft kontus,Pripojte existujúce účty od spoločnosti Google alebo Microsoft,ភ្ជាប់គណនីដែលមានស្រាប់ពី Google ឬ Microsoft,Conecte cuentas existentes de Google o Microsoft,Conecte contas existentes do Google ou Microsoft,Koppel bestaande accounts van Google of Microsoft
NEW - Add Student Modal,Link student to you,Połącz ucznia ze sobą,เชื่อมโยงนักเรียนกับคุณ,Associer l'étudiant à vous,Verlinken Sie den Schüler mit Ihnen,Saistiet studentu ar jums,Prepojte študenta s vami,ភ្ជាប់សិស្សទៅអ្នក។,Vincular al estudiante contigo,Vincule o aluno a você,Koppel leerling aan jou
NEW - Add Student Modal,Coming soon,Już wkrótce,เร็วๆ นี้,Bientôt disponible,Kommt bald,Drīzumā,Už čoskoro,មកដល់ឆាប់ៗនេះ,Próximamente,Em breve,Binnenkort beschikbaar
NEW - Explore Card,Expert content,Treści eksperckie,เนื้อหาจากผู้เชี่ยวชาญ,Contenu expert,Experteninhalte,Ekspertu saturs,Odborný obsah,មាតិកាអ្នកជំនាញ,Contenido experto,Conteúdo especializado,Deskundige inhoud
NEW - Archive Confirmation,Are you sure you want to archive this student account?,Czy na pewno chcesz zarchiwizować to konto studenta?,คุณแน่ใจหรือไม่ว่าต้องการเก็บถาวรบัญชีนักเรียนนี้,Êtes-vous sûr de vouloir archiver ce compte étudiant ?,"Sind Sie sicher, dass Sie dieses Studentenkonto archivieren möchten?",Vai tiešām vēlaties arhivēt šo studenta kontu?,Naozaj chcete tento študentský účet archivovať?,តើ​អ្នក​ប្រាកដ​ជា​ចង់​ទុក​គណនី​សិស្ស​នេះ​ក្នុង​ប័ណ្ណសារ?,¿Estás seguro de que deseas archivar esta cuenta de estudiante?,Tem certeza de que deseja arquivar esta conta de aluno?,Weet je zeker dat je dit studentenaccount wilt archiveren?
NEW - Archive Confirmation,Archive students to remove them from active lists while preserving data.,"Archiwizuj uczniów, aby usunąć ich z aktywnych list, zachowując jednocześnie dane.",เก็บถาวรนักเรียนเพื่อลบออกจากรายการที่ใช้งานอยู่โดยยังคงรักษาข้อมูลไว้,Archivez les étudiants pour les supprimer des listes actives tout en préservant les données.,"Archivieren Sie Schüler, um sie unter Beibehaltung der Daten aus aktiven Listen zu entfernen.","Arhivējiet skolēnus, lai tos noņemtu no aktīvajiem sarakstiem, vienlaikus saglabājot datus.","Archivujte študentov, aby ste ich odstránili z aktívnych zoznamov pri zachovaní údajov.",ទុកសិស្សក្នុងប័ណ្ណសារ ដើម្បីលុបវាចេញពីបញ្ជីសកម្ម ខណៈពេលដែលរក្សាទុកទិន្នន័យ។,Archive estudiantes para eliminarlos de las listas activas y al mismo tiempo preservar los datos.,"Arquive os alunos para removê-los das listas ativas e, ao mesmo tempo, preserve os dados.",Archiveer studenten om ze uit actieve lijsten te verwijderen terwijl de gegevens behouden blijven.
